"artist","song","song_parts","key","bpm","chords","link","roman"
"The Beatles","Hey Jude","Verse","Fmaj",76,"F-C-C7-C7sus4-C7-F-Bb-F-C-F","http://www.hooktheory.com/theorytab/view/the-beatles/hey-jude","I-V-V-V-V-I-IV-I-V-I"
"The Beatles","Hey Jude","Chorus","Fmaj",75,"F7-Bb-dm7-gm7-dm-C7-C7-F-F-Fmaj7-F7-Bb-dm7-gm7-dm-C7-C7-F-F7-C7-F","http://www.hooktheory.com/theorytab/view/the-beatles/hey-jude","V/IV-IV-vi-ii-vi-V-V-I-I-I-V/IV-IV-vi-ii-vi-V-V-I-V/IV-V-I"
"The Beatles","Hey Jude","Outro","Fmix",76,"F-Eb-Bb-F","http://www.hooktheory.com/theorytab/view/the-beatles/hey-jude","I-VII-IV-I"
"The Beatles","A Day in the Life","Verse","Gmaj",81,"G-G-em-em-C-C-am7-f#m7(b5)-G-bm-em-em-C-F-em-em-C-F-em-C-D","http://www.hooktheory.com/theorytab/view/the-beatles/a-day-in-the-life","I-I-vi-vi-IV-IV-ii-vii-I-iii-vi-vi-IV-IV/IV-vi-vi-IV-IV/IV-vi-IV-V"
"The Beatles","A Day in the Life","Bridge","Emaj",84,"E-E-E-D-D-D-D-D-D-E-B(add9)-E-B(add9)-B-E-E-D-D-D-D-D-D-E-B(add9)-E-B(add9)-C-G-D-A-E-C-G-D-A-E-D-C-D","http://www.hooktheory.com/theorytab/view/the-beatles/a-day-in-the-life","I-I-I-IV/IV-IV/IV-IV/IV-IV/IV-IV/IV-IV/IV-I-V-I-V-V-I-I-IV/IV-IV/IV-IV/IV-IV/IV-IV/IV-IV/IV-I-V-I-V-bVI(min)-bIII(min)-IV/IV-IV-I-bVI(min)-bIII(min)-IV/IV-IV-I-IV/IV-bVI(min)-IV/IV"
"The Beatles","Let It Be","Verse","Cmaj",75,"C-G-am-Fmaj7-F6-C-G-F-C-dm-C","http://www.hooktheory.com/theorytab/view/the-beatles/let-it-be","I-V-vi-IV-IV-I-V-IV-I-ii-I"
"The Beatles","Let It Be","Chorus","Cmaj",73,"am-G-F-C-G-F-C-dm-C","http://www.hooktheory.com/theorytab/view/the-beatles/let-it-be","vi-V-IV-I-V-IV-I-ii-I"
"The Beatles","Blackbird","Verse","Gmaj",96,"G-am7-G-G-C-c#o-D-d#o-em-Eb-D-c#o-C-cm-G-A7-D7sus4-G-C-G-A7-D7sus4-G","http://www.hooktheory.com/theorytab/view/the-beatles/blackbird","I-ii-I-I-IV-vii/V-V-vii/vi-vi-bVI(min)-V-vii/V-IV-iv(min)-I-V/V-V-I-IV-I-V/V-V-I"
"The Beatles","Blackbird","Chorus","Gdor",96,"F-C-dm-C-Bb-C-F-C-dm-C-Bb-A-dm7-gm","http://www.hooktheory.com/theorytab/view/the-beatles/blackbird","VII-IV-v-IV-III-IV-VII-IV-v-IV-III-V/v(maj)-v-i"
"The Beatles","Yesterday","Verse","Fmaj",95,"F-em7-A7-dm-dm-Bb-C7-F-C-dm-G-Bb-F","http://www.hooktheory.com/theorytab/view/the-beatles/yesterday","I-vii(lyd)-V/vi-vi-vi-IV-V-I-V-vi-V/V-IV-I"
"The Beatles","Yesterday","Chorus","Fmaj",95,"em-A-dm-dm-Bb-dm-gm7-C7-F-em-A-dm-dm-Bb-dm-gm7-C7-F","http://www.hooktheory.com/theorytab/view/the-beatles/yesterday","vii(lyd)-V/vi-vi-vi-IV-vi-ii-V-I-vii(lyd)-V/vi-vi-vi-IV-vi-ii-V-I"
"The Beatles","Here Comes the Sun","Verse","Amaj",128,"A-D-E-A-D-E","http://www.hooktheory.com/theorytab/view/the-beatles/here-comes-the-sun","I-IV-V-I-IV-V"
"The Beatles","Here Comes the Sun","Chorus","Amaj",128,"A-D-B7-A-D-A-bm7-bm7-A-E","http://www.hooktheory.com/theorytab/view/the-beatles/here-comes-the-sun","I-IV-V/V-I-IV-I-ii-ii-I-V"
"The Beatles","Here Comes the Sun","Bridge","Amaj",128,"E7-C-G-D-A-E7-E7","http://www.hooktheory.com/theorytab/view/the-beatles/here-comes-the-sun","V-bIII(min)-IV/IV-IV-I-V-V"
"The Beatles","Across the Universe","Verse","Dbmaj",80,"Db-bbm-fm-ebm7-Ab7-Db-bbm-fm-ebm7-gbm-gbm-Db-Ab7-Gb-Db","http://www.hooktheory.com/theorytab/view/the-beatles/across-the-universe","I-vi-iii-ii-V-I-vi-iii-ii-iv(min)-iv(min)-I-V-IV-I"
"The Beatles","While My Guitar Gently Weeps","Intro","Amin",114,"am-am-D(add9)-F-am-G-D-E","http://www.hooktheory.com/theorytab/view/the-beatles/while-my-guitar-gently-weeps","i-i-IV(maj)-VI-i-VII-IV(maj)-V(maj)"
"The Beatles","While My Guitar Gently Weeps","Verse","Amin",112,"am-am-D(add9)-F-am-G-D-E","http://www.hooktheory.com/theorytab/view/the-beatles/while-my-guitar-gently-weeps","i-i-IV(maj)-VI-i-VII-IV(maj)-V(maj)"
"The Beatles","While My Guitar Gently Weeps","Chorus","Amaj",128,"A-c#m-c#m-f#m-c#m-c#m-bm-bm-bm-bm-E","http://www.hooktheory.com/theorytab/view/the-beatles/while-my-guitar-gently-weeps","I-iii-iii-vi-iii-iii-ii-ii-ii-ii-V"
"The Beatles","Michelle","Verse","Fmaj",116,"F-F-F-bbm7-bbm7-E-b6-cm-dm6-bm7(b5)-C-bm7(b5)-C","http://www.hooktheory.com/theorytab/view/the-beatles/michelle","I-I-I-iv(min)-iv(min)-NA-NA-v(min)-vi-NA-V-NA-V"
"The Beatles","Michelle","Chorus","Fmin",118,"fm-fm-fm-fm-fm-fm-Ab7-Db-C7-C7-fm-fm-fm-C-C-fm7-fm6-dm(b5)-bbm-C","http://www.hooktheory.com/theorytab/view/the-beatles/michelle","i-i-i-i-i-i-NA-VI-I(maj)-I(maj)-i-i-i-V(maj)-V(maj)-i-i-NA-iv-V(maj)"
"The Beatles","All My Loving","Verse","Emaj",157,"f#m-B-E-c#m-A-f#m-D-B-f#m-B-E-c#m-A-B7-E-E","http://www.hooktheory.com/theorytab/view/the-beatles/all-my-loving","ii-V-I-vi-IV-ii-IV/IV-V-ii-V-I-vi-IV-V-I-I"
"The Beatles","All My Loving","Solo","Emaj",158,"A-E-f#m-B-E","http://www.hooktheory.com/theorytab/view/the-beatles/all-my-loving","IV-I-ii-V-I"
"The Beatles","Oh Darling","Verse","Amaj",176,"A-E-f#m-D-bm7-E-bm7-E-A-D-A-E","http://www.hooktheory.com/theorytab/view/the-beatles/oh-darling","I-V-vi-IV-ii-V-ii-V-I-IV-I-V"
"The Beatles","Oh Darling","Chorus","Amaj",174,"D-F-A-B-E-F-E-E","http://www.hooktheory.com/theorytab/view/the-beatles/oh-darling","IV-bVI(min)-I-V/V-V-bVI(min)-V-V"
"The Beatles","Eleanor Rigby","Verse","Edor",136,"em-em-em-C-C-em","http://www.hooktheory.com/theorytab/view/the-beatles/eleanor-rigby","i-i-i-NA-NA-i"
"The Beatles","Eleanor Rigby","Chorus","Emin",137,"em7-em6-C-em-em7-em6-C-em","http://www.hooktheory.com/theorytab/view/the-beatles/eleanor-rigby","i-i-VI-i-i-i-VI-i"
"The Beatles","Come Together","Intro","Dmin",84,"dm7-dm7-A7-G7","http://www.hooktheory.com/theorytab/view/the-beatles/come-together","i-i-I(maj)-vii/V"
"The Beatles","Come Together","Chorus","Dmaj",84,"bm-bm-bm-bm-bm-bm-A-A-G-G-G-G-A","http://www.hooktheory.com/theorytab/view/the-beatles/come-together","vi-vi-vi-vi-vi-vi-V-V-IV-IV-IV-IV-V"
"The Beatles","Come Together","Solo","Dmin",82,"dm-am-dm","http://www.hooktheory.com/theorytab/view/the-beatles/come-together","i-v-i"
"The Beatles","I Am the Walrus","Intro","Emaj",84,"B-B-f#m-G-F-E-E7-D-D-A-A7-C-D-E(add9)-A-A7-C-D-A-A-A7-f#m7(b5)-F-G-A-A7-F-B7-C-D-E","http://www.hooktheory.com/theorytab/view/the-beatles/i-am-the-walrus","V-V-ii-bIII(min)-NA-I-V/IV-IV/IV-IV/IV-IV-NA-bVI(min)-IV/IV-I-IV-NA-bVI(min)-IV/IV-IV-IV-NA-NA-NA-bIII(min)-IV-NA-NA-V-bVI(min)-IV/IV-I"
"The Beatles","When I'm Sixty-Four","Verse","Dbmaj",138,"Db-Ab-Ab-Db-Db-Db7-Gb-Gb-gbm-Db-Bb-Eb-Ab-Db","http://www.hooktheory.com/theorytab/view/the-beatles/when-im-sixty-four","I-V-V-I-I-V/IV-IV-IV-iv(min)-I-I/vi-V/V-V-I"
"The Beatles","When I'm Sixty-Four","Bridge","Dbmaj",138,"b-bm-Ab-bbm-bbm-F-bbm-ebm-Gb-Ab-Db-Ab-Ab7","http://www.hooktheory.com/theorytab/view/the-beatles/when-im-sixty-four","NA-NA-V-vi-vi-V/vi-vi-ii-IV-V-I-V-V"
"The Beatles","I Want To Hold Your Hand","Intro","Gmaj",132,"C-D-C-D-C-D-D7-G","http://www.hooktheory.com/theorytab/view/the-beatles/i-want-to-hold-your-hand","IV-V-IV-V-IV-V-V-I"
"The Beatles","I Want To Hold Your Hand","Verse","Gmaj",128,"G-D-em-B-G-D-em-B","http://www.hooktheory.com/theorytab/view/the-beatles/i-want-to-hold-your-hand","I-V-vi-V/vi-I-V-vi-V/vi"
"The Beatles","I Want To Hold Your Hand","Chorus","Gmaj",128,"C-D-G-em-C-D-B-B7-C-D-G-G-G-G-G-G-G","http://www.hooktheory.com/theorytab/view/the-beatles/i-want-to-hold-your-hand","IV-V-I-vi-IV-V-V/vi-V/vi-IV-V-I-I-I-I-I-I-I"
"The Beatles","And I Love Her","Verse","Emaj",117,"f#m-c#m-f#m-c#m-f#m-c#m-A-B-E-E","http://www.hooktheory.com/theorytab/view/the-beatles/and-i-love-her","ii-vi-ii-vi-ii-vi-IV-V-I-I"
"The Beatles","And I Love Her","Bridge","Emaj",115,"c#m-B-c#m-g#m-c#m-g#m-B-B7","http://www.hooktheory.com/theorytab/view/the-beatles/and-i-love-her","vi-V-vi-iii-vi-iii-V-V"
"The Beatles","And I Love Her","Outro","Fmaj",108,"gm-F-gm-D","http://www.hooktheory.com/theorytab/view/the-beatles/and-i-love-her","ii-I-ii-I/vi"
"The Beatles","Penny Lane","Verse","Bmaj",112,"B-B-g#m7-B-E6-c#m7-F#7-F#7-B-B-g#m7-B-bm7-g#m7(b5)-Gmaj7-F#7sus4-F#7-F#7sus4-F#7-B-B-g#m7-B-E6-c#m7-F#7-F#7-B-B-g#m7-B-bm7-g#m7(b5)-Gmaj7-F#7sus4-F#7-E","http://www.hooktheory.com/theorytab/view/the-beatles/penny-lane","I-I-vi-I-IV-ii-V-V-I-I-vi-I-i(min)-NA-bVI(min)-V-V-V-V-I-I-vi-I-IV-ii-V-V-I-I-vi-I-i(min)-NA-bVI(min)-V-V-IV"
"The Beatles","Penny Lane","Chorus","Amaj",128,"A-A-D-D-A-A-D-F#7","http://www.hooktheory.com/theorytab/view/the-beatles/penny-lane","I-I-IV-IV-I-I-IV-NA"
"The Beatles","In My Life","Intro","Amaj",104,"A-E-A-E-f#m-A7-D-dm-A","http://www.hooktheory.com/theorytab/view/the-beatles/in-my-life","I-V-I-V-vi-V/IV-IV-iv(min)-I"
"The Beatles","I Should Have Known Better","Intro","Gmaj",128,"G-D-G-D-G-D-G-D-G-D-G-D-G-D-G-D","http://www.hooktheory.com/theorytab/view/the-beatles/i-should-have-known-better","I-V-I-V-I-V-I-V-I-V-I-V-I-V-I-V"
"The Beatles","I Should Have Known Better","Verse","Gmaj",128,"G-D-G-D-G-D-G-D-G-D-em-C-D-G-D-G-D-G-D-G-D-G-D-G-D-G-D-em-C-C-B7-em-C-G-B7-em-C-G-Gmaj7-C-D-G-em-C-D-G","http://www.hooktheory.com/theorytab/view/the-beatles/i-should-have-known-better","I-V-I-V-I-V-I-V-I-V-vi-IV-V-I-V-I-V-I-V-I-V-I-V-I-V-I-V-vi-IV-IV-V/vi-vi-IV-I-V/vi-vi-IV-I-I-IV-V-I-vi-IV-V-I"
"The Beatles","Lovely Rita","Verse","Ebmaj",84,"Eb-Db-Ab-Eb-Bb-cm-F-Bb-Eb-Ab-Db-Gb-Eb-Bb-Eb-Ab-Db-Gb-Eb-Bb-Eb-cm-F7-Bb","http://www.hooktheory.com/theorytab/view/the-beatles/lovely-rita","I-IV/IV-IV-I-V-vi-V/V-V-I-IV-IV/IV-bIII(min)-I-V-I-IV-IV/IV-bIII(min)-I-V-I-vi-V/V-V"
"The Beatles","Lovely Rita","Chorus","Ebmaj",128,"Bb-Ab-Eb-Bb","http://www.hooktheory.com/theorytab/view/the-beatles/lovely-rita","V-IV-I-V"
"The Beatles","Ticket to Ride","Verse","Amaj",120,"A(add9)-A(add9)-A(add9)-bm-E","http://www.hooktheory.com/theorytab/view/the-beatles/ticket-to-ride","I-I-I-ii-V"
"The Beatles","Ticket to Ride","Chorus","Amaj",128,"f#m-D-f#m-Gmaj7-f#m-E-A(add9-)","http://www.hooktheory.com/theorytab/view/the-beatles/ticket-to-ride","vi-IV-vi-IV/IV-vi-V-NA-NA"
"The Beatles","Ticket to Ride","Bridge","Amaj",120,"D-E-E7-D-E-E","http://www.hooktheory.com/theorytab/view/the-beatles/ticket-to-ride","IV-V-V-IV-V-V"
"The Beatles","Ticket to Ride","Outro","Amaj",128,"A(add9-)","http://www.hooktheory.com/theorytab/view/the-beatles/ticket-to-ride","NA-NA"
"The Beatles","With A Little Help From My Friends","Verse","Emaj",109,"E-B-f#m-f#m-B7-E-E-B-f#m-f#m-B7-E-D-A-E-D-A-E-A-E-B","http://www.hooktheory.com/theorytab/view/the-beatles/with-a-little-help-from-my-friends","I-V-ii-ii-V-I-I-V-ii-ii-V-I-IV/IV-IV-I-IV/IV-IV-I-IV-I-V"
"The Beatles","With A Little Help From My Friends","Bridge","Emaj",110,"c#m7-F#-E-D-A-c#m7-F#-E-D-A","http://www.hooktheory.com/theorytab/view/the-beatles/with-a-little-help-from-my-friends","vi-V/V-I-IV/IV-IV-vi-V/V-I-IV/IV-IV"
"The Beatles","For No One","Verse","Bmaj",80,"B-B-g#m-B-E-A-B","http://www.hooktheory.com/theorytab/view/the-beatles/for-no-one","I-I-vi-I-IV-IV/IV-I"
"The Beatles","For No One","Bridge","Bmaj",84,"c#m-G#7-c#m-c#m-G#7-c#m-c#m-F#sus4-F#","http://www.hooktheory.com/theorytab/view/the-beatles/for-no-one","ii-NA-ii-ii-NA-ii-ii-V-V"
"The Beatles","Something","Verse","Cmaj",64,"F-Eb-G7-C-Cmaj7-C7-F-C-D7-G-am7-G-am-E-am-D(add9)-F-Eb-G","http://www.hooktheory.com/theorytab/view/the-beatles/something","IV-bIII(min)-V-I-I-V/IV-IV-I-V/V-V-vi-V-vi-V/vi-vi-V/V-IV-bIII(min)-V"
"The Beatles","Something","Solo","Cmaj",64,"C-Cmaj7-C7-F-C-D7-G-G-am-E-am-f#o-F-Eb-G","http://www.hooktheory.com/theorytab/view/the-beatles/something","I-I-V/IV-IV-I-V/V-V-V-vi-V/vi-vi-vii/V-IV-bIII(min)-V"
"The Beatles","All Together Now","Intro","Gmaj",90,"G-D7-G-D7-G-G-D7-G-D7-G","http://www.hooktheory.com/theorytab/view/the-beatles/all-together-now","I-V-I-V-I-I-V-I-V-I"
"The Beatles","All Together Now","Pre-Chorus","Gmaj",90,"C-G-C-D-D7","http://www.hooktheory.com/theorytab/view/the-beatles/all-together-now","IV-I-IV-V-V"
"The Beatles","All Together Now","Chorus","Gmaj",90,"G-G-D7-G-G-G-D7-G","http://www.hooktheory.com/theorytab/view/the-beatles/all-together-now","I-I-V-I-I-I-V-I"
"The Beatles","You Never Give Me Your Money","Intro","Cmaj",81,"am7-dm7-G7-C-Fmaj7-bm7(b5)-E7-am","http://www.hooktheory.com/theorytab/view/the-beatles/you-never-give-me-your-money","vi-ii-V-I-IV-vii-V/vi-vi"
"The Beatles","You Never Give Me Your Money","Verse","Cmaj",88,"C-E7-am-C7-F-G7-C","http://www.hooktheory.com/theorytab/view/the-beatles/you-never-give-me-your-money","I-V/vi-vi-V/IV-IV-V-I"
"The Beatles","You Never Give Me Your Money","Chorus","Cmaj",88,"Bb-F-C-Bb-F-C-Bb-F-C-Bb-F-C-Bb-F","http://www.hooktheory.com/theorytab/view/the-beatles/you-never-give-me-your-money","IV/IV-IV-I-IV/IV-IV-I-IV/IV-IV-I-IV/IV-IV-I-IV/IV-IV"
"The Beatles","You Never Give Me Your Money","Bridge","Amaj",88,"A-B-C-E-A-dm-G-asus4-G-A-B-C","http://www.hooktheory.com/theorytab/view/the-beatles/you-never-give-me-your-money","I-V/V-bIII(min)-V-I-iv(min)-IV/IV-NA-IV/IV-I-V/V-bIII(min)"
"The Beatles","You Never Give Me Your Money","Solo","Cmaj",88,"C-D7-E-bmaj7-G7-C7-A7-Eb7-C7-F#7-Eb7-A7-F#maj7-G7-Ab7","http://www.hooktheory.com/theorytab/view/the-beatles/you-never-give-me-your-money","I-V/V-V/vi-vii-V-V/IV-NA-V/vi-V/IV-NA-V/vi-NA-NA-V-NA"
"The Beatles","You Never Give Me Your Money","Outro","Amaj",88,"C-G-A-C-G-A-C-G-A-C-G-A-C-G-A-C-G-A","http://www.hooktheory.com/theorytab/view/the-beatles/you-never-give-me-your-money","bIII(min)-IV/IV-I-bIII(min)-IV/IV-I-bIII(min)-IV/IV-I-bIII(min)-IV/IV-I-bIII(min)-IV/IV-I-bIII(min)-IV/IV-I"
"The Beatles","Octopus's Garden","Intro","Emaj",185,"B-E-E-B-d#m(b5)-B-E-E-c#m-c#m-A-A-B-d#m(b5)-B-B-E-E-E-E-c#m-c#m-c#m-c#m-A-A-A-A-B-B-d#m(b5)-B-B","http://www.hooktheory.com/theorytab/view/the-beatles/octopuss-garden","V-I-I-V-NA-V-I-I-vi-vi-IV-IV-V-NA-V-V-I-I-I-I-vi-vi-vi-vi-IV-IV-IV-IV-V-V-NA-V-V"
"The Beatles","Octopus's Garden","Verse","Emaj",91,"E-E-E-E-c#m-c#m-c#m-c#m-A-A-A-A-A-B-B-B-B","http://www.hooktheory.com/theorytab/view/the-beatles/octopuss-garden","I-I-I-I-vi-vi-vi-vi-IV-IV-IV-IV-IV-V-V-V-V"
"The Beatles","Octopus's Garden","Pre-Chorus","Emaj",92,"c#m-c#m-c#m-B-A-B-B-B-B-B-E-E-E-E-c#m-c#m-c#m-c#m-A-A-B-B-E-E-E-E","http://www.hooktheory.com/theorytab/view/the-beatles/octopuss-garden","vi-vi-vi-V-IV-V-V-V-V-V-I-I-I-I-vi-vi-vi-vi-IV-IV-V-V-I-I-I-I"
"The Beatles","Eight Days a Week","Verse","Dmaj",138,"D-E7-G-D-D-E7-G-D-bm-G6-bm-E7-D-E7-G-D","http://www.hooktheory.com/theorytab/view/the-beatles/eight-days-a-week","I-V/V-IV-I-I-V/V-IV-I-vi-IV-vi-V/V-I-V/V-IV-I"
"The Beatles","Back In The USSR","Intro","Amaj",143,"E-E7-E7","http://www.hooktheory.com/theorytab/view/the-beatles/back-in-the-ussr","V-V-V"
"The Beatles","Back In The USSR","Verse","Amaj",143,"A-D-C-D-A-D-C-D","http://www.hooktheory.com/theorytab/view/the-beatles/back-in-the-ussr","I-IV-bIII(min)-IV-I-IV-bIII(min)-IV"
"The Beatles","Back In The USSR","Chorus","Amaj",143,"A-C-D-D-A-A-D-d#o-E","http://www.hooktheory.com/theorytab/view/the-beatles/back-in-the-ussr","I-bIII(min)-IV-IV-I-I-IV-vii/V-V"
"The Beatles","Back In The USSR","Bridge","Amaj",143,"D-A-D-D-D7-B-E-D-A-A-D-d#o-E","http://www.hooktheory.com/theorytab/view/the-beatles/back-in-the-ussr","IV-I-IV-IV-NA-V/V-V-IV-I-I-IV-vii/V-V"
"The Beatles","Lady Madonna","Verse","Amaj",220,"A-D-A-D-A-D-F-G-A","http://www.hooktheory.com/theorytab/view/the-beatles/lady-madonna","I-IV-I-IV-I-IV-bVI(min)-IV/IV-I"
"The Beatles","Lady Madonna","Bridge","Cmaj",219,"dm-G-C-am-dm-G-C-bm7(b5)-Esus4-E","http://www.hooktheory.com/theorytab/view/the-beatles/lady-madonna","ii-V-I-vi-ii-V-I-vii-V/vi-V/vi"
"The Beatles","Mean Mr Mustard","Verse","Emaj",99,"E-B-B-C-C#-D-D-C#-C-B-B-E-C-B-E-C-B","http://www.hooktheory.com/theorytab/view/the-beatles/mean-mr-mustard","I-V-V-bVI(min)-bVI(min)-IV/IV-IV/IV-bVI(min)-bVI(min)-V-V-I-bVI(min)-V-I-bVI(min)-V"
"The Beatles","You've Got To Hide Your Love Away","Verse","Gmaj",91,"G-Dsus4-F(add9)-G-C-C-F(add9)-C-G-Dsus4-F(add9)-G-C-C-F(add9)-C-D-D","http://www.hooktheory.com/theorytab/view/the-beatles/youve-got-to-hide-your-love-away","I-V-IV/IV-I-IV-IV-IV/IV-IV-I-V-IV/IV-I-IV-IV-IV/IV-IV-V-V"
"The Beatles","If I Fell","Intro","Dbmaj",105,"ebm-Ebb-Db-bbm-ebm-Ebb-fbm7-Bbb","http://www.hooktheory.com/theorytab/view/the-beatles/if-i-fell","ii-NA-I-vi-ii-NA-NA-NA"
"The Beatles","If I Fell","Verse","Dmaj",107,"D-em-f#m-em7-A7","http://www.hooktheory.com/theorytab/view/the-beatles/if-i-fell","I-ii-iii-ii-V"
"The Beatles","If I Fell","Verse","Dmaj",110,"D-em-f#m-em-A-D-em-f#m-em-A-D-gm-A-D-em-f#m-em-A-D-em-f#m-em-A","http://www.hooktheory.com/theorytab/view/the-beatles/if-i-fell","I-ii-iii-ii-V-I-ii-iii-ii-V-I-iv(min)-V-I-ii-iii-ii-V-I-ii-iii-ii-V"
"The Beatles","For You Blue","Chorus","Dmaj",127,"D-G-D-D-G-G-D-D-A7-G-D-A7","http://www.hooktheory.com/theorytab/view/the-beatles/for-you-blue","I-IV-I-I-IV-IV-I-I-V-IV-I-V"
"The Beatles","Norwegian Wood","Intro","Emix",192,"E-bm7-A-E-E-bm7-A-E","http://www.hooktheory.com/theorytab/view/the-beatles/norwegian-wood","I-NA-IV-I-I-NA-IV-I"
"The Beatles","Norwegian Wood","Chorus","Edor",92,"em-A-em-f#m7-B","http://www.hooktheory.com/theorytab/view/the-beatles/norwegian-wood","i-IV-i-ii-I/v(maj)"
"The Beatles","Hello Goodbye","Verse","Cmaj",100,"F6-C-G7-am-G7-am-G7-C-G7-F-C","http://www.hooktheory.com/theorytab/view/the-beatles/hello-goodbye","IV-I-V-vi-V-vi-V-I-V-IV-I"
"The Beatles","Hello Goodbye","Chorus","Cmaj",101,"C-C-am7-am-F-Ab-C-C-am7-am-F-Bb7-C","http://www.hooktheory.com/theorytab/view/the-beatles/hello-goodbye","I-I-vi-vi-IV-bVI(min)-I-I-vi-vi-IV-NA-I"
"The Beatles","Day Tripper","Verse","Emix",138,"E-E-A-E","http://www.hooktheory.com/theorytab/view/the-beatles/day-tripper","I-I-IV-I"
"The Beatles","Day Tripper","Chorus","Emaj",136,"F#7-A-G#7-C#-B","http://www.hooktheory.com/theorytab/view/the-beatles/day-tripper","V/V-IV-V/vi-I/vi-V"
"The Beatles","Here There And Everywhere","Verse","Gmaj",84,"G-am-bm-C-G-am-bm-C-f#m7-B7-f#m7-B7-em-am-am7-D7","http://www.hooktheory.com/theorytab/view/the-beatles/here-there-and-everywhere","I-ii-iii-IV-I-ii-iii-IV-vii(lyd)-V/vi-vii(lyd)-V/vi-vi-ii-ii-V"
"The Beatles","Here There And Everywhere","Bridge","Gmaj",82,"am7-D7-F7-Bb-gm-cm-D7-gm-cm-D7-G-am","http://www.hooktheory.com/theorytab/view/the-beatles/here-there-and-everywhere","ii-V-NA-bIII(min)-i(min)-iv(min)-V-i(min)-iv(min)-V-I-ii"
"The Beatles","Twist And Shout","Chorus","Dmaj",124,"A-A-A-A7-A7-A7-D-G-A-A7-D-G-A-A7-D-G-A-A7-D-G-A-A7","http://www.hooktheory.com/theorytab/view/the-beatles/twist-and-shout","V-V-V-V-V-V-I-IV-V-V-I-IV-V-V-I-IV-V-V-I-IV-V-V"
"The Beatles","Strawberry Fields Forever","Intro","Amaj",92,"E-E-g#m-g#m-g#o-g#o-D-do-D-D-E-E-D-A-A-A-A-A-A-A-A-A-A-em-em-em-em-em-em-em-em-F#-F#-F#-F#-F#-F#-F#-F#-D-D-F#-F#-F#-F#-F#-D-D-A","http://www.hooktheory.com/theorytab/view/the-beatles/strawberry-fields-forever","V-V-vii(lyd)-vii(lyd)-vii-vii-IV-NA-IV-IV-V-V-IV-I-I-I-I-I-I-I-I-I-I-v(min)-v(min)-v(min)-v(min)-v(min)-v(min)-v(min)-v(min)-I/vi-I/vi-I/vi-I/vi-I/vi-I/vi-I/vi-I/vi-IV-IV-I/vi-I/vi-I/vi-I/vi-I/vi-IV-IV-I"
"The Beatles","I'm Looking Through You","Verse","Abmaj",168,"Ab-A-bsus4-Ab-bbm-fm-Eb-Ab-A-bsus4-Ab-bbm-fm-Eb-fm7-bbm7-Ab-Db-Eb-Ab-A-bsus4-Ab-bbm-Db-Ab-Ab-Db-Db-Ab-Ab-Db-Db-Ab-Ab-Db-Db-Ab","http://www.hooktheory.com/theorytab/view/the-beatles/im-looking-through-you","I-NA-NA-I-ii-vi-V-I-NA-NA-I-ii-vi-V-vi-ii-I-IV-V-I-NA-NA-I-ii-IV-I-I-IV-IV-I-I-IV-IV-I-I-IV-IV-I"
"The Beatles","We Can Work It Out","Verse","Dmaj",102,"D-Dsus4-D-Dsus4-C-D-D-Dsus4-D-Dsus4-C-D-G-D-G-A","http://www.hooktheory.com/theorytab/view/the-beatles/we-can-work-it-out","I-I-I-I-IV/IV-I-I-I-I-I-IV/IV-I-IV-I-IV-V"
"The Beatles","We Can Work It Out","Bridge","Cmaj",120,"","http://www.hooktheory.com/theorytab/view/the-beatles/we-can-work-it-out","NA"
"Beatles","Something","Verse","Cmaj",64,"F-Eb-G7-C-Cmaj7-C7-F-C-D7-G-am7-G-am-E-am-D(add9)-F-Eb-G","http://www.hooktheory.com/theorytab/view/beatles/something","IV-bIII(min)-V-I-I-V/IV-IV-I-V/V-V-vi-V-vi-V/vi-vi-V/V-IV-bIII(min)-V"
"Beatles","Something","Bridge","Amaj",143,"A-c#m-f#m-E-D-D-G-A-c#m-G-f#m-F-E-A-c#m-f#m-f#m-E-D-G-C-C-am-G-em-dm","http://www.hooktheory.com/theorytab/view/beatles/something","I-iii-vi-V-IV-IV-IV/IV-I-iii-IV/IV-vi-bVI(min)-V-I-iii-vi-vi-V-IV-IV/IV-bIII(min)-bIII(min)-i(min)-IV/IV-v(min)-iv(min)"
"The Beatles","Honey Pie","Verse","Gmaj",141,"G-Eb-E-A-D-G-Eb-D","http://www.hooktheory.com/theorytab/view/the-beatles/honey-pie","I-bVI(min)-I/vi-V/V-V-I-bVI(min)-V"
"The Beatles","Honey Pie","Bridge","Gmaj",141,"em-A-G-C-E-am-D","http://www.hooktheory.com/theorytab/view/the-beatles/honey-pie","vi-V/V-I-IV-I/vi-ii-V"
"The Beatles","Things We Said Today","Verse","Amin",139,"am-em-am-em-am-em-am-em-am-em-am-em-am-em-am-em","http://www.hooktheory.com/theorytab/view/the-beatles/things-we-said-today","i-v-i-v-i-v-i-v-i-v-i-v-i-v-i-v"
"The Beatles","Things We Said Today","Pre-Chorus","Amin",140,"C-C9-F-Bb-am-em-am-em-am-em-am","http://www.hooktheory.com/theorytab/view/the-beatles/things-we-said-today","III-NA-VI-vi/IV-i-v-i-v-i-v-i"
"The Beatles","Things We Said Today","Chorus","Amaj",138,"A-D-B-E7-A-D-B-Bb","http://www.hooktheory.com/theorytab/view/the-beatles/things-we-said-today","I-IV-V/V-V-I-IV-V/V-V/V"
"The Beatles","Tomorrow Never Knows","Verse","Cmix",128,"C-C-C-C-C-C-C-C-C-C-C-C-C-C-C-C-Bb(add9)-Bb(add9)-Bb(add9)-Bb(add9)-Bb(add9)-Bb(add9)-Bb(add9)-Bb(add9)-C-C-C-C-C-C-C-C","http://www.hooktheory.com/theorytab/view/the-beatles/tomorrow-never-knows","I-I-I-I-I-I-I-I-I-I-I-I-I-I-I-I-NA-NA-NA-NA-NA-NA-NA-NA-I-I-I-I-I-I-I-I"
"The Beatles","Yellow Submarine","Verse","F#maj",128,"C#-B-F#-d#m-g#m-B-C#-B-C#-B-F#-d#m-g#m-B-C#","http://www.hooktheory.com/theorytab/view/the-beatles/yellow-submarine","V-IV-I-vi-ii-IV-V-IV-V-IV-I-vi-ii-IV-V"
"The Beatles","Yellow Submarine","Chorus","F#maj",112,"F#-C#-C#-F#-F#-C#-C#-F#","http://www.hooktheory.com/theorytab/view/the-beatles/yellow-submarine","I-V-V-I-I-V-V-I"
"The Beatles","Lucy in the Sky with Diamonds","Intro","Amaj",119,"A-A7-D-dm-A-A7-D-dm-A-A7-D-F-F-A-A7-D-dm-A-A7-D-D-dm-dm","http://www.hooktheory.com/theorytab/view/the-beatles/lucy-in-the-sky-with-diamonds","I-V/IV-IV-iv(min)-I-V/IV-IV-iv(min)-I-V/IV-IV-bVI(min)-bVI(min)-I-V/IV-IV-iv(min)-I-V/IV-IV-IV-iv(min)-iv(min)"
"The Beatles","Lucy in the Sky with Diamonds","Chorus","Gmaj",187,"G-C-D-G-C-D-G-C-D-A","http://www.hooktheory.com/theorytab/view/the-beatles/lucy-in-the-sky-with-diamonds","I-IV-V-I-IV-V-I-IV-V-V/V"
"The Beatles","Besame Mucho","Verse","Gmin",168,"gm-gm-gm-gm-gm-gm-gm-gm-cm-cm-cm6-cm6-cm-cm-am(b5)-am(b5)-cm-cm-do-do-cm-cm-D7-D7-gm-gm-D7-D7-gm-gm-gm-gm-G7-G7-G7-G7-G7-G7-G7-G7-G7-G7-cm-cm-cm-cm-cm7-cm7-dsus4-cm-gm-gm-gm-gm-gm-A-A-D7-gm-gm-cm-cm6-gm-gm-gm","http://www.hooktheory.com/theorytab/view/the-beatles/besame-mucho","i-i-i-i-i-i-i-i-iv-iv-iv-iv-iv-iv-NA-NA-iv-iv-NA-NA-iv-iv-I(maj)-I(maj)-i-i-I(maj)-I(maj)-i-i-i-i-NA-NA-NA-NA-NA-NA-NA-NA-NA-NA-iv-iv-iv-iv-iv-iv-NA-iv-i-i-i-i-i-NA-NA-I(maj)-i-i-iv-iv-i-i-i"
"The Beatles","Nowhere Man","Intro","Ebmaj",116,"fm-abm-Eb","http://www.hooktheory.com/theorytab/view/the-beatles/nowhere-man","ii-iv(min)-I"
"The Beatles","Nowhere Man","Verse","Emaj",112,"E-B-A-E-f#m-am-E","http://www.hooktheory.com/theorytab/view/the-beatles/nowhere-man","I-V-IV-I-ii-iv(min)-I"
"The Beatles","Nowhere Man","Chorus","Emaj",128,"g#m-A-g#m-A-g#m-f#m-B","http://www.hooktheory.com/theorytab/view/the-beatles/nowhere-man","iii-IV-iii-IV-iii-ii-V"
"The Beatles","Nowhere Man","Solo","Cmaj",120,"","http://www.hooktheory.com/theorytab/view/the-beatles/nowhere-man","NA"
"The Beatles","Cry Baby Cry","Verse","Gmaj",156,"G-am-F-G-em-A-F","http://www.hooktheory.com/theorytab/view/the-beatles/cry-baby-cry","I-ii-IV/IV-I-vi-V/V-IV/IV"
"The Beatles","Cry Baby Cry","Chorus","Gmaj",154,"em-B-em-c#m7(b5)-C-C7-G-em-B-em-c#m7(b5)-C-C7","http://www.hooktheory.com/theorytab/view/the-beatles/cry-baby-cry","vi-V/vi-vi-NA-IV-NA-I-vi-V/vi-vi-NA-IV-NA"
"The Beatles","Get Back","Verse","Amix",132,"A-A-D-A-A-A-D-A","http://www.hooktheory.com/theorytab/view/the-beatles/get-back","I-I-IV-I-I-I-IV-I"
"The Beatles","The Fool on the Hill","Intro","Dmaj",72,"D-D-G-D-G-em-A-D-bm-em-A","http://www.hooktheory.com/theorytab/view/the-beatles/the-fool-on-the-hill","I-I-IV-I-IV-ii-V-I-vi-ii-V"
"The Beatles","The Fool on the Hill","Chorus","Dmin",72,"dm-gm-dm-Bb-C-dm","http://www.hooktheory.com/theorytab/view/the-beatles/the-fool-on-the-hill","i-iv-i-VI-VII-i"
"The Beatles","Help","Intro","Amaj",191,"bm-G-E7-A7","http://www.hooktheory.com/theorytab/view/the-beatles/help","ii-IV/IV-V-V/IV"
"The Beatles","Help","Verse","Amaj",191,"A-c#m-f#m-D-A-A-c#m-f#m-D-A","http://www.hooktheory.com/theorytab/view/the-beatles/help","I-iii-vi-IV-I-I-iii-vi-IV-I"
"The Beatles","Help","Chorus","Bmin",190,"bm-bm-G-G-E-A-A7-A","http://www.hooktheory.com/theorytab/view/the-beatles/help","i-i-VI-VI-IV(maj)-VII-NA-VII"
"The Beatles","From Me To You","Intro","Cmaj",138,"C-C-am-am-C-C-am-am-C-C-am-am-C-C-G7-G7-F7-F7-am-am-C-G7-C-am-C-C-am-am-C-C-G7-G7-F-F-am-am-C-G7-C-C-gm-gm-C7-C7-F-F-F-F-D7-D7-D7-D7-G","http://www.hooktheory.com/theorytab/view/the-beatles/from-me-to-you","I-I-vi-vi-I-I-vi-vi-I-I-vi-vi-I-I-V-V-NA-NA-vi-vi-I-V-I-vi-I-I-vi-vi-I-I-V-V-IV-IV-vi-vi-I-V-I-I-v(min)-v(min)-V/IV-V/IV-IV-IV-IV-IV-V/V-V/V-V/V-V/V-V"
"The Beatles","Ob-La-Di Ob-La-Da","Verse","Bbmaj",224,"Bb-Bb-F-F-F7-F7-Bb-Bb-Bb-Bb-Eb-Eb-Bb-F-Bb","http://www.hooktheory.com/theorytab/view/the-beatles/ob-la-di-ob-la-da","I-I-V-V-V-V-I-I-I-I-IV-IV-I-V-I"
"The Beatles","Ob-La-Di Ob-La-Da","Chorus","Bbmaj",223,"Bb-Eb-Bb-F-Bb-Bb-F-gm-Bb-F-Bb-Bb-F-gm-Bb-F-Bb","http://www.hooktheory.com/theorytab/view/the-beatles/ob-la-di-ob-la-da","I-IV-I-V-I-I-V-vi-I-V-I-I-V-vi-I-V-I"
"The Beatles","Ob-La-Di Ob-La-Da","Bridge","Bbmaj",223,"Eb-Bb-Eb-F","http://www.hooktheory.com/theorytab/view/the-beatles/ob-la-di-ob-la-da","IV-I-IV-V"
"The Beatles","Rocky Raccoon","Verse","Cmaj",76,"am-Dsus4-D-G7-C-G","http://www.hooktheory.com/theorytab/view/the-beatles/rocky-raccoon","vi-V/V-V/V-V-I-V"
"The Beatles","I Will","Verse","Fmaj",104,"F-dm-gm-C-F-dm-am-F-Bb-C-dm-am-Bb-C-F-dm","http://www.hooktheory.com/theorytab/view/the-beatles/i-will","I-vi-ii-V-I-vi-iii-I-IV-V-vi-iii-IV-V-I-vi"
"The Beatles","Happiness is a Warm Gun","Intro","Emin",156,"am(add9)-Fmaj7-em-am-em-em","http://www.hooktheory.com/theorytab/view/the-beatles/happiness-is-a-warm-gun","iv-vi/IV-i-iv-i-i"
"The Beatles","Happiness is a Warm Gun","Verse","Emin",134,"dm-am-dm-am-am-dm-am-dm-am-am","http://www.hooktheory.com/theorytab/view/the-beatles/happiness-is-a-warm-gun","IV/IV-iv-IV/IV-iv-iv-IV/IV-iv-IV/IV-iv-iv"
"The Beatles","She Loves You","Verse","Gmaj",153,"G-G-em-bm-D-G-em-bm-D-G-em-cm-D","http://www.hooktheory.com/theorytab/view/the-beatles/she-loves-you","I-I-vi-iii-V-I-vi-iii-V-I-vi-iv(min)-V"
"The Beatles","Hey Bulldog","Intro","Cmix",103,"C7-gm-C7-gm-Bb-gm-F-F7-Bb-gm-C7","http://www.hooktheory.com/theorytab/view/the-beatles/hey-bulldog","NA-NA-NA-NA-NA-NA-IV-NA-NA-NA-NA"
"The Beatles","Hey Bulldog","Bridge","Cmin",103,"cm-Ab-ao-cm7-fm-Db-do-fm7-co-fm","http://www.hooktheory.com/theorytab/view/the-beatles/hey-bulldog","i-VI-NA-i-iv-vi/IV-NA-iv-NA-iv"
"The Beatles","Hey Bulldog","Solo","Cmix",103,"C7-gm-C7-gm-Bb-gm-F-F7-Bb-gm-C7","http://www.hooktheory.com/theorytab/view/the-beatles/hey-bulldog","NA-NA-NA-NA-NA-NA-IV-NA-NA-NA-NA"
"The Beatles","Girl","Verse","Cmin",94,"cm-G7-cm-fm-Eb-G7-cm-G7-cm-fm-cm","http://www.hooktheory.com/theorytab/view/the-beatles/girl","i-I(maj)-i-iv-III-I(maj)-i-I(maj)-i-iv-i"
"The Beatles","Girl","Chorus","Ebmaj",94,"Eb-gm-fm-Bb7-Eb-gm-fm-Bb7","http://www.hooktheory.com/theorytab/view/the-beatles/girl","I-iii-ii-V-I-iii-ii-V"
"The Beatles","Girl","Bridge","Ebmaj",94,"fm-C-fm-C-fm-C-fm-Ab","http://www.hooktheory.com/theorytab/view/the-beatles/girl","ii-I/vi-ii-I/vi-ii-I/vi-ii-IV"
"The Beatles","She's Leaving Home","Verse","Emaj",128,"E-bm-f#m7-f#m7-c#m7-c#m7-F#7-F#7-Amaj7-Amaj7-B7-B7-Amaj7-Amaj7-B7-B7","http://www.hooktheory.com/theorytab/view/the-beatles/shes-leaving-home","I-v(min)-ii-ii-vi-vi-V/V-V/V-IV-IV-V-V-IV-IV-V-V"
"The Beatles","I Don't Want To Spoil The Party","Verse","Gmaj",96,"G-G-G-D7-em-B7-am7-D-G-F-G","http://www.hooktheory.com/theorytab/view/the-beatles/i-dont-want-to-spoil-the-party","I-I-I-V-vi-V/vi-ii-V-I-IV/IV-I"
"The Beatles","I Don't Want To Spoil The Party","Chorus","Gmaj",188,"G-G-em7-A-C-D","http://www.hooktheory.com/theorytab/view/the-beatles/i-dont-want-to-spoil-the-party","I-I-vi-V/V-IV-V"
"The Beatles","She Came in through the Bathroom Window","Verse","Amix",81,"A-D-D-D-f#m-A-A-f#m7-f#m-D-D-D-f#m-A-A-f#m7-f#m7-D-f#m-D-D-D","http://www.hooktheory.com/theorytab/view/the-beatles/she-came-in-through-the-bathroom-window","I-IV-IV-IV-NA-I-I-NA-NA-IV-IV-IV-NA-I-I-NA-NA-IV-NA-IV-IV-IV"
"The Beatles","ALL I'VE GOT TO DO","Verse","Emaj",126,"c#m-c#m-E-E-c#m-c#m-f#m-f#m-am-E-E","http://www.hooktheory.com/theorytab/view/the-beatles/all-ive-got-to-do","vi-vi-I-I-vi-vi-ii-ii-iv(min)-I-I"
"The Beatles","Fixing A Hole","Verse","Fmin",107,"F-C-fm-fm7-Bb-fm-Bb-fm-Bb","http://www.hooktheory.com/theorytab/view/the-beatles/fixing-a-hole","I(maj)-V(maj)-i-i-IV(maj)-i-IV(maj)-i-IV(maj)"
"The Beatles","Dear Prudence","Verse","Dmaj",74,"D-D7-bm7-B-b6-D-D7-bm7-B-b6-D-D7-bm7-B-b6-D-D7-bm7-B-b6","http://www.hooktheory.com/theorytab/view/the-beatles/dear-prudence","I-V/IV-vi-I/vi-NA-I-V/IV-vi-I/vi-NA-I-V/IV-vi-I/vi-NA-I-V/IV-vi-I/vi-NA"
"The Beatles","Your Mother Should Know","Verse","Amin",120,"am-Fmaj7-A7-dm-G7-C-A7-D-G7-C-E7","http://www.hooktheory.com/theorytab/view/the-beatles/your-mother-should-know","i-VI-NA-iv-NA-III-NA-IV(maj)-NA-III-I(maj)"
"The Beatles","Martha My Dear","Chorus","Ebmaj",96,"Eb-D-gm-gm-C7-F-Bb-Ab(add9)-Bb7-Ab-Bb7-Ab-Bb-Bb7","http://www.hooktheory.com/theorytab/view/the-beatles/martha-my-dear","I-NA-iii-iii-NA-V/V-V-IV-V-IV-V-IV-V-V"
"The Beatles","Good Day Sunshine","Verse","Amaj",117,"A-F#-B-E-A-A-F#-B-E-A","http://www.hooktheory.com/theorytab/view/the-beatles/good-day-sunshine","I-I/vi-V/V-V-I-I-I/vi-V/V-V-I"
"The Beatles","Good Day Sunshine","Chorus","Amaj",128,"B-F#-B-F#-E7","http://www.hooktheory.com/theorytab/view/the-beatles/good-day-sunshine","V/V-I/vi-V/V-I/vi-V"
"The Beatles","Only a Northern Song","Verse","Amaj",98,"A-bm-E7-D-D","http://www.hooktheory.com/theorytab/view/the-beatles/only-a-northern-song","I-ii-V-IV-IV"
"The Beatles","Only a Northern Song","Chorus","Amaj",96,"E-bm7-G-C#7-F#7-bm-F#7-D-A-E-E","http://www.hooktheory.com/theorytab/view/the-beatles/only-a-northern-song","V-ii-IV/IV-V/vi-NA-ii-NA-IV-I-V-V"
"The Beatles","Sexy Sadie","Verse","Gmaj",153,"G-F#-bm-C-D-G-F#-C-D-G-F#-F-D","http://www.hooktheory.com/theorytab/view/the-beatles/sexy-sadie","I-bVII(min)-iii-IV-V-I-bVII(min)-IV-V-I-bVII(min)-IV/IV-V"
"The Beatles","I'm So Tired","Verse","Amaj",136,"A-G#-D-E-A-f#m-D-E-A-am-f#m-dm-A-G#-D-E-A-f#m-D-E-A-am-f#m7-dm7-dm6-dm","http://www.hooktheory.com/theorytab/view/the-beatles/im-so-tired","I-NA-IV-V-I-vi-IV-V-I-i(min)-vi-iv(min)-I-NA-IV-V-I-vi-IV-V-I-i(min)-vi-iv(min)-iv(min)-iv(min)"
"The Beatles","I'm So Tired","Chorus","Amaj",128,"A-E7-D-A","http://www.hooktheory.com/theorytab/view/the-beatles/im-so-tired","I-V-IV-I"
"The Beatles","Elenor Rigby","Verse","Edor",136,"em-em-em-C-C-em","http://www.hooktheory.com/theorytab/view/the-beatles/elenor-rigby","i-i-i-NA-NA-i"
"The Beatles","Glass Onion","Verse","Cmaj",120,"am-F7-am-F7-am-gm7-C7-gm7-C7-F7-D7-F7-D7-F-G","http://www.hooktheory.com/theorytab/view/the-beatles/glass-onion","vi-NA-vi-NA-vi-v(min)-V/IV-v(min)-V/IV-NA-V/V-NA-V/V-IV-V"
"The Beatles","Glass Onion","Bridge","Amin",120,"am-dm7-D7-am7","http://www.hooktheory.com/theorytab/view/the-beatles/glass-onion","i-iv-vii/V-NA"
"The Beatles","Maxwell's Silver Hammer","Verse","Dmaj",132,"D-B7-em-em-A7-A7-D-A7","http://www.hooktheory.com/theorytab/view/the-beatles/maxwells-silver-hammer","I-NA-ii-ii-V-V-I-V"
"The Beatles","Two Of Us","Verse","Gmaj",115,"G-C-am-G-C-am-G-D-C-G-D-C-G-C-G","http://www.hooktheory.com/theorytab/view/the-beatles/two-of-us","I-IV-ii-I-IV-ii-I-V-IV-I-V-IV-I-IV-I"
"The Beatles","Two Of Us","Bridge","Gmin",109,"Bb-dm-gm-am-D7","http://www.hooktheory.com/theorytab/view/the-beatles/two-of-us","III-v-i-ii-I(maj)"
"The Beatles","Julia","Verse","Dmaj",66,"D-bm7-f#m-D-bm7-f#m-A","http://www.hooktheory.com/theorytab/view/the-beatles/julia","I-vi-iii-I-vi-iii-V"
"The Beatles","It Won't Be Long","Verse","Emaj",136,"E-C-E-E-C-E-E","http://www.hooktheory.com/theorytab/view/the-beatles/it-wont-be-long","I-bVI(min)-I-I-bVI(min)-I-I"
"The Beatles","It Won't Be Long","Chorus","Emaj",128,"c#m-c#m-E-E-c#m-A-a#o-E-E","http://www.hooktheory.com/theorytab/view/the-beatles/it-wont-be-long","vi-vi-I-I-vi-IV-vii/V-I-I"
"The Beatles","Paperback Writer","Intro","Gmaj",128,"G-G-G-C-G","http://www.hooktheory.com/theorytab/view/the-beatles/paperback-writer","I-I-I-IV-I"
"The Beatles","Good Night","Intro","Gmaj",65,"G-bm-am7-D7sus4-D7-G-bm-am7-am-bm-am7-C-D7-D7-G-bm-am7-bm-am7-C-D7-D7","http://www.hooktheory.com/theorytab/view/the-beatles/good-night","I-iii-ii-V-V-I-iii-ii-ii-iii-ii-IV-V-V-I-iii-ii-iii-ii-IV-V-V"
"The Beatles","Good Night","Chorus","Gmaj",65,"Gmaj7-Csus#4-Gmaj7-Csus#4-G-C-G-C","http://www.hooktheory.com/theorytab/view/the-beatles/good-night","I-NA-I-NA-I-IV-I-IV"
"The Beatles","Good Night","Bridge","Gmaj",65,"G-am-A-dm-G-C-D-C-D","http://www.hooktheory.com/theorytab/view/the-beatles/good-night","I-ii-V/V-v(min)-I-IV-V-IV-V"
"The Beatles","The End","Solo","Cmaj",128,"","http://www.hooktheory.com/theorytab/view/the-beatles/the-end","NA"
"The Beatles","The Night Before","Intro","Dmaj",128,"D-D-F-F-G-G-A7-A7","http://www.hooktheory.com/theorytab/view/the-beatles/the-night-before","I-I-bIII(min)-bIII(min)-IV-IV-V-V"
"The Beatles","The Continuing Story of Bungalow Bill","Chorus","Amin",112,"C-G-C-fm-C-fm-G-A-E-A-dm-A-dm-E","http://www.hooktheory.com/theorytab/view/the-beatles/the-continuing-story-of-bungalow-bill","III-VII-III-NA-III-NA-VII-I(maj)-V(maj)-I(maj)-iv-I(maj)-iv-V(maj)"
"The Beatles","The Ballad of John and Yoko","Verse","Emaj",136,"E-E-E-E-E7-E7-E7-E7","http://www.hooktheory.com/theorytab/view/the-beatles/the-ballad-of-john-and-yoko","I-I-I-I-V/IV-V/IV-V/IV-V/IV"
"The Beatles","I'm Happy Just To Dance With You","Intro","C#min",127,"c#m-f#m-G#7-c#m-f#m-G#7","http://www.hooktheory.com/theorytab/view/the-beatles/im-happy-just-to-dance-with-you","i-iv-I(maj)-i-iv-I(maj)"
"The Beatles","I'm Happy Just To Dance With You","Verse","C#min",125,"c#m-f#m-G#7-A-B-E-B7","http://www.hooktheory.com/theorytab/view/the-beatles/im-happy-just-to-dance-with-you","i-iv-I(maj)-VI-VII-III-NA"
"The Beatles","I've Just Seen A Face","Verse","Amaj",119,"A-f#m-D-E-A","http://www.hooktheory.com/theorytab/view/the-beatles/ive-just-seen-a-face","I-vi-IV-V-I"
"The Beatles","I've Just Seen A Face","Chorus","Amaj",119,"E7-D-A-D-A","http://www.hooktheory.com/theorytab/view/the-beatles/ive-just-seen-a-face","V-IV-I-IV-I"
"The Beatles","Everybody's Got Something to Hide","Verse","Emix",118,"E-E-E-A-D-B-E-D-G-E-G-D","http://www.hooktheory.com/theorytab/view/the-beatles/everybodys-got-something-to-hide","I-I-I-IV-VII-v-I-VII-NA-I-NA-VII"
"The Beatles","Think For Yourself","Verse","Gmaj",128,"am-dm-Bb-C-G7-G7-am-dm-Bb-C-G7-am","http://www.hooktheory.com/theorytab/view/the-beatles/think-for-yourself","ii-v(min)-bIII(min)-IV-V/IV-V/IV-ii-v(min)-bIII(min)-IV-V/IV-ii"
"The Beatles","Think For Yourself","Chorus","Gmaj",128,"C-C-G7-G7-Eb-D7-G7-G7-Eb-D7-C-G-G-G7-G","http://www.hooktheory.com/theorytab/view/the-beatles/think-for-yourself","IV-IV-V/IV-V/IV-bVI(min)-V-V/IV-V/IV-bVI(min)-V-IV-I-I-V/IV-I"
"The Beatles","What You're Doing","Verse","Dmaj",128,"D-G-D-G-bm-G-G-D","http://www.hooktheory.com/theorytab/view/the-beatles/what-youre-doing","I-IV-I-IV-vi-IV-IV-I"
"The Beatles","What You're Doing","Bridge","Dmaj",128,"G-bm-G-bm-em-em-A-A","http://www.hooktheory.com/theorytab/view/the-beatles/what-youre-doing","IV-vi-IV-vi-ii-ii-V-V"
"The Beatles","Sgt Pepper's Lonely Hearts Club Band","Intro","Gmaj",95,"A7-C-G","http://www.hooktheory.com/theorytab/view/the-beatles/sgt-peppers-lonely-hearts-club-band","V/V-IV-I"
"The Beatles","Sgt Pepper's Lonely Hearts Club Band","Verse","Gmaj",91,"G-A7-C-G-G-A7-C-G-A7-C7-G-G-C-c#o-G-G","http://www.hooktheory.com/theorytab/view/the-beatles/sgt-peppers-lonely-hearts-club-band","I-V/V-IV-I-I-V/V-IV-I-V/V-NA-I-I-IV-vii/V-I-I"
"The Beatles","If I Needed Someone","Intro","Amix",128,"A-A","http://www.hooktheory.com/theorytab/view/the-beatles/if-i-needed-someone","I-I"
"The Beatles","If I Needed Someone","Verse","Amix",128,"A-G-A","http://www.hooktheory.com/theorytab/view/the-beatles/if-i-needed-someone","I-VII-I"
"The Beatles","If I Needed Someone","Chorus","Bmin",128,"em-F#-D-f#m-bm-em-F#-bm-E","http://www.hooktheory.com/theorytab/view/the-beatles/if-i-needed-someone","iv-V(maj)-III-v-i-iv-V(maj)-i-IV(maj)"
"The Beatles","Please Please Me","Verse","Emaj",140,"E-E-A-E-E-G-A-B-E-E-A-E-E-A-f#m-c#m-A-E-A-B7-E-E-B","http://www.hooktheory.com/theorytab/view/the-beatles/please-please-me","I-I-IV-I-I-bIII(min)-IV-V-I-I-IV-I-I-IV-ii-vi-IV-I-IV-V-I-I-V"
"The Beatles","Please Please Me","Bridge","Emaj",140,"A-B-E-E-E7-A-B-E-A-B-E-A-B","http://www.hooktheory.com/theorytab/view/the-beatles/please-please-me","IV-V-I-I-V/IV-IV-V-I-IV-V-I-IV-V"
"The Beatles","Hold Me Tight","Verse","Fmaj",136,"F-Bb-G-C7-F-Bb-G-C7","http://www.hooktheory.com/theorytab/view/the-beatles/hold-me-tight","I-IV-V/V-V-I-IV-V/V-V"
"The Beatles","Hold Me Tight","Chorus","Fmaj",136,"F-F7-Bb-bbm-F-bbm-F-C","http://www.hooktheory.com/theorytab/view/the-beatles/hold-me-tight","I-V/IV-IV-iv(min)-I-iv(min)-I-V"
"The Beatles","Hold Me Tight","Bridge","Fmaj",136,"F-Ab-F-Bb-gm-G-C","http://www.hooktheory.com/theorytab/view/the-beatles/hold-me-tight","I-bIII(min)-I-IV-ii-V/V-V"
"The Beatles","I'm Only Sleeping","Verse","D#min",103,"d#m-g#m-F#-B-F#-A#7-d#m-g#m-F#-B-F#-B-B-F#-g#m-a#m-g#m-B-d#m-A#7","http://www.hooktheory.com/theorytab/view/the-beatles/im-only-sleeping","i-iv-III-VI-III-I(maj)-i-iv-III-VI-III-VI-VI-III-iv-v-iv-VI-i-I(maj)"
"The Beatles","I'm Only Sleeping","Bridge","D#min",103,"c#m-D#-g#m-c#m-D#-g#m-F#-B-F#-A#7","http://www.hooktheory.com/theorytab/view/the-beatles/im-only-sleeping","IV/IV-I(maj)-iv-IV/IV-I(maj)-iv-III-VI-III-I(maj)"
"The Beatles","Wait","Verse","F#min",130,"f#m7-B-bm-f#m-C#7-f#m-f#m7-B-bm-f#m-C#7-f#m","http://www.hooktheory.com/theorytab/view/the-beatles/wait","i-IV(maj)-iv-i-I(maj)-i-i-IV(maj)-iv-i-I(maj)-i"
"The Beatles","Wait","Chorus","Amaj",130,"A-Dmaj7-Dmaj9-A-Dmaj7-Dmaj9-A-Dmaj7-Dmaj9-A-C#7-f#m","http://www.hooktheory.com/theorytab/view/the-beatles/wait","I-IV-NA-I-IV-NA-I-IV-NA-I-V/vi-vi"
"The Beatles","Wait","Bridge","Amaj",130,"bm-E-A-f#m-bm-E-A-C#7","http://www.hooktheory.com/theorytab/view/the-beatles/wait","ii-V-I-vi-ii-V-I-V/vi"
"Beatles","Day Tripper","Intro","Fmaj",76,"F-C-C7-C7sus4-C7-F-Bb-F-C-F","http://www.hooktheory.com/theorytab/view/beatles/hey-jude","I-V-V-V-V-I-IV-I-V-I"
"Beatles","Day Tripper","Chorus","Fmaj",76,"F-C-C7-C7sus4-C7-F-Bb-F-C-F","http://www.hooktheory.com/theorytab/view/beatles/hey-jude","I-V-V-V-V-I-IV-I-V-I"
"The Beatles","Being For The Benefit Of Mr Kite","Intro","Gmix",128,"G-C-G-C-G-C-G","http://www.hooktheory.com/theorytab/view/the-beatles/love-me-do","I-IV-I-IV-I-IV-I"
"The Beatles","Because","Verse","Cmaj",128,"","http://www.hooktheory.com/theorytab/view/the-beatles/drive-my-car","NA"
"The Beatles","Black Beatles","Intro","Cmin",109,"Bb-A-dm-G","http://www.hooktheory.com/theorytab/view/the-beatles/being-for-the-benefit-of-mr-kite","VII-NA-ii-V(maj)"
"The Beatles","Real Love","Intro","C#min",81,"c#m-c#m-d#m7(b5)-G#7-A-c#m-A7-A(add9)-D-cxo","http://www.hooktheory.com/theorytab/view/the-beatles/because","i-i-NA-I(maj)-VI-i-NA-VI-vi/IV-NA"
"The Beatles","Real Love","Verse","C#min",80,"cxo-c#m-c#m-d#m7(b5)-G#7-A-c#m-A7-A(add9-)","http://www.hooktheory.com/theorytab/view/the-beatles/because","NA-i-i-NA-I(maj)-VI-i-NA-NA-NA"
"The Beatles","Real Love","Chorus","C#min",80,"cxo-F#-F#-G#7-G#7","http://www.hooktheory.com/theorytab/view/the-beatles/because","NA-IV(maj)-IV(maj)-I(maj)-I(maj)"
"The Beatles","You Can't Do That","Verse","Dmix",133,"D-D7-D7-D-D7-D7-C-D","http://www.hooktheory.com/theorytab/view/the-beatles/taxman","I-NA-NA-I-NA-NA-VII-I"
"Beatles","Love Me Do","Verse","Ebmaj",99,"Eb-gm-cm-do-Ab-fm-Bb-Eb-Ab-Eb-Ab-Eb-gm-cm-do-Ab-fm-Bb-Eb-Ab-Eb-Ab","http://www.hooktheory.com/theorytab/view/beatles/real-love","I-iii-vi-vii-IV-ii-V-I-IV-I-IV-I-iii-vi-vii-IV-ii-V-I-IV-I-IV"
"Beatles","Love Me Do","Pre-Chorus","Ebmaj",99,"Eb-gm-cm-do-Ab-fm-Eb-Ab-Eb-Ab-Eb-abm-Eb-abm-Eb-cm-Ab-Bb-Eb-cm-Ab-Bb","http://www.hooktheory.com/theorytab/view/beatles/real-love","I-iii-vi-vii-IV-ii-I-IV-I-IV-I-iv(min)-I-iv(min)-I-vi-IV-V-I-vi-IV-V"
"The Beatles","Drive My Car","Intro","Gmaj",130,"G-G","http://www.hooktheory.com/theorytab/view/the-beatles/you-cant-do-that","I-I"
"The Beatles","Drive My Car","Verse","Gmaj",130,"G-C-G-G-D-D-G","http://www.hooktheory.com/theorytab/view/the-beatles/you-cant-do-that","I-IV-I-I-V-V-I"
