"","artist","song","song_parts","key","bpm","chords","link"
"1","Madonna","Like A Prayer","Intro","Dmin","112","dm-dm-11-gm-dm-dm-dm-11-gm-dm-C-gm-F-Bb-F-C-dm","http://www.hooktheory.com/theorytab/view/madonna/like-a-prayer"
"2","Madonna","Like A Prayer","Verse","Fmaj","112","Bb-F-C-dm-Bb-F-C-C-Bb-F-C-dm-Bb-F-C-C","http://www.hooktheory.com/theorytab/view/madonna/like-a-prayer"
"3","Madonna","Like A Prayer","Chorus","Fmaj","112","F-C-Bb-F-Fmaj9-gm-F-C-Bb-F-Fmaj9-gm","http://www.hooktheory.com/theorytab/view/madonna/like-a-prayer"
"4","The Beatles","Lady Madonna","Verse","Amaj","220","A-D-A-D-A-D-F-G-A","http://www.hooktheory.com/theorytab/view/the-beatles/lady-madonna"
"5","The Beatles","Lady Madonna","Bridge","Cmaj","219","dm-G-C-am-dm-G-C-bm7(b5)-Esus4-E","http://www.hooktheory.com/theorytab/view/the-beatles/lady-madonna"
"6","Madonna","Girl Gone Wild","Intro","G#min","128","g#m-g#m-g#m-g#m-F#-F#-E-E-E-E-E-F#-F#-g#m","http://www.hooktheory.com/theorytab/view/madonna/girl-gone-wild"
"7","Madonna","Girl Gone Wild","Chorus","G#min","136","g#m-F#-E-F#-g#m-g#m-F#-E-F#-g#m-g#m-F#-E-F#-g#m-g#m-F#-E-F#-g#m","http://www.hooktheory.com/theorytab/view/madonna/girl-gone-wild"
"8","Madonna","Frozen","Chorus","Fmin","107","fm-b-bm-Db-Ab-fm-b-bm-Gb-Ab-fm-b-bm-Db-Ab-fm-b-bm-Gb-Ab","http://www.hooktheory.com/theorytab/view/madonna/frozen"
"9","Madonna","Frozen","Solo","Fmin","107","fm-Ab-bbm6-b-bm7-Db-Db-bbm-b-bm7-b-bm6-b-bm-b-bm-gm7(b5)-fm-eo","http://www.hooktheory.com/theorytab/view/madonna/frozen"
"10","Madonna","La Isla Bonita","Verse","C#min","100","c#m-B-c#m-A-c#m-E-B-c#m-B-c#m-A-c#m-E-B-G#","http://www.hooktheory.com/theorytab/view/madonna/la-isla-bonita"
"11","Madonna","La Isla Bonita","Chorus","C#min","100","c#m-c#m-c#m-Emaj7-Emaj7-B-B-f#m-f#m-f#m-E-E-E-E-Bsus4-B-B-B-B-f#m-f#m-f#m-f#m-f#m-f#m-f#m-B-B-c#m-c#m-c#m-c#m-c#m-c#m-c#m-Emaj7-Emaj7-B-B-f#m-f#m-f#m-E-E-E-E-Bsus4-B-B-B-B-f#m-f#m-f#m-f#m-f#m-f#m-f#m-B-B-c#m-c#m-c#m-c#m-c#m-c#m-c#m-B-B-B-c#m-c#m-c#m-c#m-c#m-c#m-c#m-c#m-c#m-B-B-B-c#m-c#m-c#m-c#m-c#m-c#m","http://www.hooktheory.com/theorytab/view/madonna/la-isla-bonita"
"12","Marina and the Diamonds","Primadonna","Verse","Gmaj","126","em-am-D-G-em-am-D-G-em-am-D-G-em-am-D-G-em","http://www.hooktheory.com/theorytab/view/marina-and-the-diamonds/primadonna"
"13","Marina and the Diamonds","Primadonna","Pre-Chorus","Gmaj","128","am-D-G-em-am-D-G-em","http://www.hooktheory.com/theorytab/view/marina-and-the-diamonds/primadonna"
"14","Marina and the Diamonds","Primadonna","Chorus","Gmaj","128","am-D-G-em-am-D-G-em-am-D-G-em-am-D-G-em","http://www.hooktheory.com/theorytab/view/marina-and-the-diamonds/primadonna"
"15","Madonna","Hung Up","Chorus","Ddor","125","dm-em-F-G-am-dm-dm-em-F-G-am-dm","http://www.hooktheory.com/theorytab/view/madonna/hung-up"
"16","Madonna","Hung Up","Instrumental","Ddor","240","dm-em-F-G-am-dm","http://www.hooktheory.com/theorytab/view/madonna/hung-up"
"17","Madonna","Beautiful Stranger","Verse","Dbmaj","244","D-b7sus4-D-b7-D-b7sus4-D-b7","http://www.hooktheory.com/theorytab/view/madonna/beautiful-stranger"
"18","Madonna","Beautiful Stranger","Pre-Chorus","Dbmaj","124","Gb-F-b6-Cb-D-b7-D-b7sus4-D-b7-D-b7sus4","http://www.hooktheory.com/theorytab/view/madonna/beautiful-stranger"
"19","Madonna","Into The Groove","Chorus","Cmin","117","cm7-B-b(add9)-cm7-A-bmaj7-cm7-B-b(add9)-cm7-A-bmaj7-Bb-cm7-B-b(add9)-cm7-A-bmaj7-cm7-B-b(add9)-cm7-A-bmaj7-Bb","http://www.hooktheory.com/theorytab/view/madonna/into-the-groove"
"20","Madonna","Material Girl","Verse","Cmix","128","C7sus4-C-Bb-C-C7sus4-C-G7sus4-C","http://www.hooktheory.com/theorytab/view/madonna/material-girl"
"21","Madonna","Material Girl","Chorus","Cmaj","128","F-G-G-am-F-G-am-11-G-F-G-G-am-F-G-C7sus4","http://www.hooktheory.com/theorytab/view/madonna/material-girl"
"22","Madonna","Take A Bow","Verse","Abmaj","80","Ab-A-b7-Db-d-bm-Ab-Bb-d-bm-a-b7sus4","http://www.hooktheory.com/theorytab/view/madonna/take-a-bow"
"23","Madonna","Take A Bow","Chorus","Abmaj","72","Ab-Ab-bbm-b-bm-b-bm-E-bsus4-Eb-Ab-F-bmaj7-E-b7-Ab-Ab-F-bmaj7-E-b7","http://www.hooktheory.com/theorytab/view/madonna/take-a-bow"
"24","Madonna","Ray Of Light","Intro","Bbmaj","127","Bb-cm7-Bb-Eb-Bb-cm7-Bb-Eb-Bb-Eb-Bb-Eb-Bb-Eb-Bb-Eb-Bb-Eb-Bb-Eb-Bb-Eb-Bb-Eb","http://www.hooktheory.com/theorytab/view/madonna/ray-of-light"
"25","Madonna","Ray Of Light","Verse","Bbmaj","127","Bb-Eb-Bb-Eb-Bb-Bb-Eb-Bb-Eb-Bb-Bb-Eb-Bb-Eb-Bb-Bb-Eb-Bb-Eb-Bb-Bb-Eb-Bb-Eb-Bb-Bb-Eb-Bb-Eb-Bb-Bb-Eb-Bb-Eb-Bb-Bb-Eb-Bb-Eb-Bb","http://www.hooktheory.com/theorytab/view/madonna/ray-of-light"
"26","Madonna","Ray Of Light","Chorus","Bbmaj","126","Bb-Eb-Bb-Eb-Bb-Bb-Eb-Bb-Eb-Bb-Bb-Eb-Bb-Eb-Bb-Bb-Eb-Bb-Eb-Bb","http://www.hooktheory.com/theorytab/view/madonna/ray-of-light"
"27","Madonna","Devil Pray","Verse","Amin","107","am-C-G-am-am-C-Esus4-E-am-C-G-am-am-G-am-am-C-G-am-am-C-Esus4-E-am-C-G-am-am-G-am","http://www.hooktheory.com/theorytab/view/madonna/devil-pray"
"28","Madonna","Give Me All Your Luvin'","Chorus","C#dor","145","c#m-E(add9)-B(add9)-F#-c#m-E(add9)-B(add9)-F#","http://www.hooktheory.com/theorytab/view/madonna/give-me-all-your-luvin"
"29","Madonna","Express Yourself","Chorus","Gmix","115","G-F-F-G-G-F-F-G","http://www.hooktheory.com/theorytab/view/madonna/express-yourself"
"30","Madonna","Sky Fits Heaven","Chorus","Dmin","140","Bb-F-C-dm-d7sus2-C6-Bb-F-C-dm","http://www.hooktheory.com/theorytab/view/madonna/sky-fits-heaven"
"31","Madonna","Swim","Verse","C#dor","100","c#m-B-F#-c#m-B-F#-c#m-B-F#-c#m-B-F#-c#m-B-F#-c#m-B-F#-c#m-B-F#-c#m-B-F#","http://www.hooktheory.com/theorytab/view/madonna/swim"
"32","Madonna","The Power Of Goodbye","Verse","Fmin","99","fm-Db-Ab-Eb-fm-Db-Ab-Eb-fm-Db-Ab-Eb-Db","http://www.hooktheory.com/theorytab/view/madonna/the-power-of-goodbye"
"33","Madonna","Vogue","Chorus","G#min","116","g#m-F#(add9)-E6-E6-d#sus4-g#m-F#(add9)-E6-E6-d#sus4-g#m-F#(add9)-E6-E6-d#sus4-g#m-F#(add9)-E6-E6-d#sus4-g#m-F#(add9)-E6-E6-d#sus4-g#m-F#(add9)-E6-E6-d#sus4-g#m-F#(add9)-E6-E6-d#sus4-g#m-F#(add9)-E6-E6-d#sus4","http://www.hooktheory.com/theorytab/view/madonna/vogue"
"34","Madonna","Don't Tell Me","Intro","Dmix","100","D-D-a7sus4-am-C-C-G-G-D-D-a7sus4-am-C-C-G-G","http://www.hooktheory.com/theorytab/view/madonna/dont-tell-me"
"35","Madonna","Sorry","Chorus","Cmin","133","Ab-Bb-cm-cm-Ab-Bb-cm-cm","http://www.hooktheory.com/theorytab/view/madonna/sorry"
"36","Madonna","Candy Perfume Girl","Verse","F#mix","97","F#-A-A-F#-A-A-F#-A-A-F#-A-A-F#-A-A-F#-A-A-F#-A-A-F#-A-A-F#-A-A-F#-A-A-F#-A-A-F#-A-A-F#-A-A-F#-A-A-F#-A-A-F#-A-A","http://www.hooktheory.com/theorytab/view/madonna/candy-perfume-girl"
"37","Madonna","Candy Perfume Girl","Solo","F#mix","97","B-d#m-g#m7-d#m-B-d#m-g#m7-d#m","http://www.hooktheory.com/theorytab/view/madonna/candy-perfume-girl"
"38","Madonna","Like A Virgin","Intro","Gblyd","122","Gb-Gb-Gb-Gb","http://www.hooktheory.com/theorytab/view/madonna/like-a-virgin"
"39","Madonna","Like A Virgin","Verse","Gblyd","128","Gb-Gb-a-bm7-Gb-Gb-Gb-a-bm7-e-bm7-a-bm7-e-bm7-e-bm7-D-bsus4-Db","http://www.hooktheory.com/theorytab/view/madonna/like-a-virgin"
"40","Madonna","Like A Virgin","Chorus","Gblyd","122","","http://www.hooktheory.com/theorytab/view/madonna/like-a-virgin"
"41","Madonna","Holiday","Chorus","Dmaj","123","Gmaj7-Gmaj7-A-A-A-f#m7-f#m7-bm-bm-bm-bm-bm-bm-A-Gmaj7-Gmaj7-A-A-A-f#m7-f#m7-Gmaj9-(#-1-1)-bm-Gmaj7-Gmaj7-A-A-A-f#m7-f#m7-bm-bm-bm-bm-bm-bm-A-Gmaj7-Gmaj7-A-A-A-f#m7-f#m7-Gmaj9-(#-1-1)-D-Gmaj7-Gmaj7-A-A-A-f#m7-f#m7-bm-bm-bm-bm-bm-bm-A-Gmaj7-Gmaj7-A-A-A-f#m7-f#m7-Gmaj9-(#-1-1)-bm","http://www.hooktheory.com/theorytab/view/madonna/holiday"
"42","Madonna","Nothing Really Matters","Verse","Dmin","104","dm-dsus2-Bb-Bb-dm-dsus2-Bb-Bb-dm-dsus2-F-F-dm-dm-Bb-F","http://www.hooktheory.com/theorytab/view/madonna/nothing-really-matters"
"43","Madonna","Nothing Really Matters","Chorus","Dmin","110","dm-dm-dm-F-F-C-F-C-C-C-F-F-C-dm-gm-gm-gm-dm-dm-F-F-gm-gm-gm-gm-Bb-C-C(add9)-dm-dm-dm-F-F-C-F-C-C-C-F-F-C-dm-gm-gm-gm-gm-gm(add9)-dm-gm-F-F-F-C6-C6","http://www.hooktheory.com/theorytab/view/madonna/nothing-really-matters"
"44","Madonna","Live To Tell","Chorus","Dmin","87","C-gm-F-F-gm-am-Bb-gm-F-dm7-C-dm7-C-Bb-C","http://www.hooktheory.com/theorytab/view/madonna/live-to-tell"
"45","Madonna","Liquid Love","Verse","F#mix","127","F#-B-F#-B-F#-F#-E-B-F#-E-B","http://www.hooktheory.com/theorytab/view/madonna/liquid-love"
"46","Madonna","Liquid Love","Chorus","F#mix","127","F#-B-F#-B-F#-B-F#-B","http://www.hooktheory.com/theorytab/view/madonna/liquid-love"
"47","Madonna","I'm A Sinner","Verse","Cmix","126","C-C-C7sus2-C-C-C-C7sus2-C-C-C-C7sus2-C-C-C-C7sus2-C-C-C-C7sus2-C-C-C-C7sus2-C-C-C-C7sus2-C-C-C-C7sus2-C-C-C-C7sus2-C-C-C7sus2-C-C-C7sus2-C-C-C7sus2-C","http://www.hooktheory.com/theorytab/view/madonna/im-a-sinner"
"48","Madonna","Mer Girl","Verse","Bmix","97","B-A-B-A-B-A-B-A-B-A-B-A-B-A-B-A-c#m-A-F#(add9)-B-A-B-A-B-A-B-A","http://www.hooktheory.com/theorytab/view/madonna/mer-girl"
"49","Madonna","Bitch I'm Madonna","Chorus","Amin","102","am-am-am-am-am-bm-11(b5-b9)-am-bm-11(b5-b9)-am-am-G-G-G-am-11-G-Cmaj7sus2-Cmaj7sus2-Cmaj7sus2-G-G-G-G-am-am-am-am-am-bm-11(b5-b9)-am-bm-11(b5-b9)-am-am-G-G-G-am-11-G-Cmaj7sus2-Cmaj7sus2-Cmaj7sus2-G-G-G-G","http://www.hooktheory.com/theorytab/view/madonna/whos-that-girl"
"50","Madonna","Masterpiece","Chorus","G#min","132","g#m-g#m-g#m-a#m-11(b5-b9)-a#m-11(b5-b9)-a#m-11(b5-b9)-a#m-11(b5-b9)-a#m-11(b5-b9)-Esus2-Esus2-Esus2-F#-F#-F#-F#-F#-g#m-g#m-g#m-a#m-11(b5-b9)-a#m-11(b5-b9)-a#m-11(b5-b9)-a#m-11(b5-b9)-a#m-11(b5-b9)-Esus2-Esus2-Esus2-Esus2-d#m-d#m-d#m-d#m-g#m-g#m-g#m-a#m-11(b5-b9)-a#m-11(b5-b9)-a#m-11(b5-b9)-a#m-11(b5-b9)-a#m-11(b5-b9)-Esus2-Esus2-Esus2-F#-F#-F#-F#-F#-g#m-g#m-g#m-a#m-11(b5-b9)-a#m-11(b5-b9)-a#m-11(b5-b9)-a#m-11(b5-b9)-a#m-11(b5-b9)-Esus2-Esus2-Esus2-Esus2-d#m-d#m-d#m-d#m-g#m-g#m-g#m-a#m-11(b5-b9)-a#m-11(b5-b9)-a#m-11(b5-b9)-a#m-11(b5-b9)-a#m-11(b5-b9)-Esus2-Esus2-Esus2-F#-F#-F#-F#-F#-g#m-g#m-g#m-a#m-11(b5-b9)-a#m-11(b5-b9)-a#m-11(b5-b9)-a#m-11(b5-b9)-a#m-11(b5-b9)-Esus2-Esus2-Esus2-Esus2-d#m-d#m-d#m-d#m-g#m-g#m-g#m-a#m-11(b5-b9)-a#m-11(b5-b9)-a#m-11(b5-b9)-a#m-11(b5-b9)-a#m-11(b5-b9)-Esus2-Esus2-Esus2-F#-F#-F#-F#-F#-g#m-g#m-g#m-a#m-11(b5-b9)-a#m-11(b5-b9)-a#m-11(b5-b9)-a#m-11(b5-b9)-a#m-11(b5-b9)-Esus2-Esus2-Esus2-Esus2-d#m-d#m-d#m-d#m","http://www.hooktheory.com/theorytab/view/madonna-feat-avicii/girl-gone-wild-umf-mix"
"51","Madonna","Papa Don't Preach","Verse","Dmaj","84","D-A-bm-G-D-G-A-D-A-bm-G-D-A","http://www.hooktheory.com/theorytab/view/madonna/ill-remember"
"52","Madonna","Erotica","Verse","D#min","100","d#m7-a#m-b#m7(b5)-B-d#m7-a#m-b#m7(b5)-B-d#m7-a#m-b#m7(b5)-B-A#sus4-c-xo-g#m7-a#m7-d#m7-C#-g#m7-a#m7-Bmaj7-C#(add9)-A#7-A#7","http://www.hooktheory.com/theorytab/view/madonna/secret"
"53","Madonna","Erotica","Chorus","D#min","100","d#m-C#-b#m7(b5)-B-d#m-C#-b#m7(b5)-B-d#m-C#-b#m7(b5)-B-A#sus4-c-xo-c-xo","http://www.hooktheory.com/theorytab/view/madonna/secret"
"54","Madonna","Open Your Heart","Instrumental","D#min","150","d#m-d#m","http://www.hooktheory.com/theorytab/view/madonna/bitch-im-madonna"
"55","Madonna","Bad Girl","Verse","D#min","87","d#m-g#m-C#-F#-C#-d#m-g#m-C#-F#-C#-d#m-g#m-C#-F#-C#-d#m-g#m-C#-A#","http://www.hooktheory.com/theorytab/view/madonna/masterpiece"
"56","Madonna","Bad Girl","Chorus","D#min","87","B-F#-C#-d#m-d#m-C#-B-F#-C#-c-xo-d#m-C#-B-A#-d#m","http://www.hooktheory.com/theorytab/view/madonna/masterpiece"
"57","Madonna","Cherish","Pre-Chorus","Fmin","123","Db-Eb-Db-Eb-Db-Eb-fm-Eb-Db-Eb","http://www.hooktheory.com/theorytab/view/madonna/papa-dont-preach"
"58","Madonna","Cherish","Chorus","Fmin","122","fm-Eb-D-bmaj7-E-bsus4-cm7-fm-Eb-D-bmaj7-E-bsus4-cm7-b-bm(add9)-b-bm7-b-bm7-fm-Eb-D-bmaj7-E-bsus4-cm7-fm-Eb-D-bmaj7-Eb-cm7","http://www.hooktheory.com/theorytab/view/madonna/papa-dont-preach"
"59","Madonna","True Blue","Pre-Chorus","F#min","100","D(add9)-D(add9)-D(add9)-g#7(b5-)sus-b2-D(add9)-g#7(b5-)sus-b2-f#m7-f#m7-f#m7-f#m-f#m7-f#m-D(add9)-D(add9)-D(add9)-g#7(b5-)sus-b2-D(add9)-g#7(b5-)sus-b2-f#m7-f#m7-f#m7-f#m-f#m7-f#m-D(add9)-D(add9)-D(add9)-g#7(b5-)sus-b2-D(add9)-g#7(b5-)sus-b2-f#m7-f#m7-f#m7-f#m-f#m7-f#m-D(add9)-D(add9)-D(add9)-g#7(b5-)sus-b2-D(add9)-g#7(b5-)sus-b2-f#m7-f#m7-f#m7-f#m-f#m7-f#m-f#m-f#m-f#m-f#m-f#m-f#m-f#m-f#m-f#m-f#m-f#m-em-11(b9)-f#m-f#m-f#m-f#m-f#m-f#m-f#m-f#m-f#m-f#m-f#m-em-11(b9)-f#m-f#m-f#m-f#m-f#m-f#m-f#m-f#m-f#m-f#m-f#m-em-11(b9)-f#m-f#m-f#m-f#m-f#m-f#m-f#m-f#m-f#m-f#m-f#m-em-11(b9-)","http://www.hooktheory.com/theorytab/view/madonna/erotica"
"60","Madonna feat Avicii","Dress You Up","Pre-Chorus","Fmaj","114","Bb-C7-dm7-Bb-C-gm7-F-C","http://www.hooktheory.com/theorytab/view/madonna/open-your-heart"
"61","Madonna feat Avicii","Dress You Up","Chorus","Fmaj","114","dm7-gm7-C-Csus2sus4-C-dm7-gm7-C-Csus2sus4-C-F-gm7-C-Csus2sus4-C-dm7-gm7-C-F-F(add9-)","http://www.hooktheory.com/theorytab/view/madonna/open-your-heart"
"62","Madonna","Borderline","Verse","F#maj","72","F#-F#-F#-F#-g#m-11-F#-D-c#m-F#-F#-F#-F#-F#-g#m-11-F#-D-c#m-F#-Dmaj7-c#m-A(add9)-Dmaj7-c#m-A(add9)-Dmaj7-c#m-A(add9)-Dmaj7-c#m-A(add9-)","http://www.hooktheory.com/theorytab/view/madonna/bad-girl"
"63","Madonna","Lucky Star","Chorus","Dmaj","133","G-D-D-G-bm-em7-G(add9)-A-G-bm7-D-G-D-G-D-A","http://www.hooktheory.com/theorytab/view/madonna/cherish"
"64","Madonna","Who's That Girl","Chorus","Emaj","240","B-B-B-B-B-B-B-B-g#m-g#m-g#m-g#m-g#m-g#m-g#m-g#m-E-E-E-E-E-E-E-E-F#-F#-F#-F#-F#-F#-F#-F#","http://www.hooktheory.com/theorytab/view/madonna/true-blue"
"65","Madonna","Girl Gone Wild UMF Mix","Verse","Ebmaj","137","A-bmaj7-A-bmaj7-B-bsus4-Bb-B-bsus4-Bb-A-bmaj7-A-bmaj7-B-bsus4-Bb-B-bsus4-Bb-A-bmaj7-A-bmaj7-B-bsus4-Bb-B-bsus4-Bb-fm7-A-bmaj7-B-bsus4-Bb-B-bsus4-Bb","http://www.hooktheory.com/theorytab/view/madonna/dress-you-up"
"66","Madonna","Girl Gone Wild UMF Mix","Chorus","Ebmaj","136","B-bsus4-Bb-A-bmaj7-A-bmaj7-Bb-B-bsus4-Bb-A-bmaj7-A-bmaj7-B-bsus4-Bb-B-bsus4-Bb-A-bmaj7-A-bmaj7-Bb-B-bsus4-Bb-A-bmaj7-A-bmaj7-Bb","http://www.hooktheory.com/theorytab/view/madonna/dress-you-up"
"67","Madonna","I'll Remember","Chorus","Dmaj","117","A-A-A-F#-bm-A-E-em7-em7-D-D-A-A-D","http://www.hooktheory.com/theorytab/view/madonna/borderline"
"68","Madonna","Secret","Chorus","Emin","118","em7-D-D-em7-D-D","http://www.hooktheory.com/theorytab/view/madonna/lucky-star"
"69","billy joel","piano man","Verse","Cmaj","188","C-G-F-C-F-C-D-G-C-G-F-C-F-G-C","http://www.hooktheory.com/theorytab/view/billy-joel/piano-man"
"70","billy joel","piano man","Chorus","Cmaj","175","C-G-F-C-F-C-D-G-C-G-F-C-F-Fsus2-C","http://www.hooktheory.com/theorytab/view/billy-joel/piano-man"
"71","billy joel","piano man","Instrumental","Cmaj","176","am-am-D-F-am-am-D-F-am-am-D-D-G-G7-C-G","http://www.hooktheory.com/theorytab/view/billy-joel/piano-man"
"72","Billy Joel","Uptown Girl","Verse","Emaj","130","E-f#m-E-A-B-E-f#m-E-A-B","http://www.hooktheory.com/theorytab/view/billy-joel/uptown-girl"
"73","Billy Joel","Uptown Girl","Pre-Chorus","Cmaj","128","C-am-dm-G-C-am-bm7(b5)-E7","http://www.hooktheory.com/theorytab/view/billy-joel/uptown-girl"
"74","Billy Joel","Uptown Girl","Pre-Chorus","Amaj","126","A-f#m-bm-B","http://www.hooktheory.com/theorytab/view/billy-joel/uptown-girl"
"75","Billy Joel","Uptown Girl","Bridge","Dmaj","128","G-A-F#-bm-bm-G-A-F#-B","http://www.hooktheory.com/theorytab/view/billy-joel/uptown-girl"
"76","Billy Joel","She's Always a Woman","Verse","Ebmaj","128","Eb-Bb-Eb-Eb-fm-Eb-Ab-Eb-A-b6-A-bmaj7-Bb-Eb-Bb-G-cm-cm-A-bmaj7-B-bsus4-Eb-Bb7sus4-Eb-Bb","http://www.hooktheory.com/theorytab/view/billy-joel/shes-always-a-woman"
"77","Billy Joel","She's Always a Woman","Chorus","Ebmaj","128","cm-cm-F7-F7-Bb-Bb-Eb-E-bmaj7-Ab-Ab-fm7-Bb-Eb-Bb7sus4-Eb-Bb-e-bm7-e-bm-A-b7-A-b7-Db-Db-G-bmaj7-G-bmaj7-Cb-Cb-F7-F7-Bb-B-b6-Bb7-B-b6-Bb7","http://www.hooktheory.com/theorytab/view/billy-joel/shes-always-a-woman"
"78","Billy Joel","Just The Way You Are","Intro","Dmaj","134","D-em7(b5)-D-D-D-em7(b5)-D-D","http://www.hooktheory.com/theorytab/view/billy-joel/just-the-way-you-are"
"79","Billy Joel","Just The Way You Are","Verse","Dmaj","68","D-g#m7(b5)-Gmaj7-bm7-D7-Gmaj7-gm7-D-am7-D7-Gmaj7-gm7-g7sus2-D-bm7-E7sus4-E7-A7sus4-A(add9-)","http://www.hooktheory.com/theorytab/view/billy-joel/just-the-way-you-are"
"80","Billy Joel","Just The Way You Are","Bridge","Dmaj","128","G-A7-f#m-Bsus4-em7-A7-Dmaj7-D-D-D7-B-b6-C-am7-D7-gm7-Asus4-A(add9)-A(add9-)","http://www.hooktheory.com/theorytab/view/billy-joel/just-the-way-you-are"
"81","Billy Joel","The Longest Time","Verse","Ebmaj","84","Eb-Ab-Eb-Eb-F7-Bb-G7-cm-Bb7-Eb-E-b7-Ab-fm-Bb-Eb","http://www.hooktheory.com/theorytab/view/billy-joel/the-longest-time"
"82","Billy Joel","The Longest Time","Chorus","Ebmaj","85","Eb-Bb-Eb-Ab-Bb7-Eb-Bb-Eb-Ab-Bb7","http://www.hooktheory.com/theorytab/view/billy-joel/the-longest-time"
"83","Billy Joel","All for Leyna","Intro","Amin","140","am-am-F-am-F-am-dsus2-G-Gsus2-Gsus4-G-Gsus4-G-Gsus2-G-am-am-F-am-F-Gsus4-G-Gsus2-Gsus2-G-Gsus2-G-Gsus2-G-am-F-Gsus4-G-Gsus2-G","http://www.hooktheory.com/theorytab/view/billy-joel/all-for-leyna"
"84","Billy Joel","All for Leyna","Verse","Amin","143","F-E-am-dm7-Gsus4-G-Gsus2-G-F-E-dm(add9)-G-Gsus4-Gsus2-F-E-am-dm7-Gsus4-G-Gsus2-G-F-E-dm(add9)-G-E","http://www.hooktheory.com/theorytab/view/billy-joel/all-for-leyna"
"85","Billy Joel","All for Leyna","Chorus","Amin","142","am-F-C-G-Gsus2-G-am-F-C-G-Gsus2-G-am-dm7-C-Fmaj7sus2-G","http://www.hooktheory.com/theorytab/view/billy-joel/all-for-leyna"
"86","Billy Joel","All for Leyna","Outro","Amin","144","G-G-A-A7-Fmaj7-G7sus4-A-A7-Fmaj7-F-E-am-am-F-am-F-G(add9)-G-G(add9)-G-am-F-Gsus4-G-Gsus2-G","http://www.hooktheory.com/theorytab/view/billy-joel/all-for-leyna"
"87","billy joel","pianoman","Instrumental","Cmaj","128","C-G-F-C-F-C-D-G-C-G-F-C-F-F(add9)-C-C-C-G-F-C-F-F(add9)-C-C-C-G-F-C-F-C-D-G-C-G-F-C-F-F(add9)-C-C-am-am-D-am-am-D-D-G-G7-C-G-C-G-F-C-F-C-D-G-C-G-F-C-F-C-D","http://www.hooktheory.com/theorytab/view/billy-joel/pianoman"
"88","Billy Joel","Big Shot","Intro","Emin","76","em-G-em-G-em-D-C-F-F-F-C","http://www.hooktheory.com/theorytab/view/billy-joel/big-shot"
"89","Billy Joel","Big Shot","Verse","Emin","74","esus4-esus4-G-G-esus4-esus4-G-G-esus4-esus4-D-C-F-F-F-C","http://www.hooktheory.com/theorytab/view/billy-joel/big-shot"
"90","Billy Joel","Goodnight Saigon","Verse","Cmaj","74","F-G-C-C-F-G-C-em-am-em-am-dm-dm-G-am7-G","http://www.hooktheory.com/theorytab/view/billy-joel/goodnight-saigon"
"91","billyjoel","piano man","Instrumental","Cmaj","128","C-G-F-C-F-C-D-G-C-G-F-C-F-F(add9)-C-C-C-G-F-C-F-F(add9)-C-C-C-G-F-C-F-C-D-G-C-G-F-C-F-F(add9)-C-C-am-am-D-am-am-D-D-G-G7-C-G-C-G-F-C-F-C-D-G-C-G-F-C-F-C-D","http://www.hooktheory.com/theorytab/view/billyjoel/piano-man"
"92","Billy Joel","Honesty","Intro","Bbmaj","128","b-bm-b-bm-G-bmaj7-F7-Bb-Eb-F-dm-Eb-gm-am-cm-Fsus4-F-Bb-Csus4-C-F-A-dm-dm-Eb-A7-A7sus2-Dsus4-D-Eb-D7","http://www.hooktheory.com/theorytab/view/billy-joel/honesty"
"93","Billy Joel","Honesty","Chorus","Bbmaj","68","E-bmaj7-F(add9)-D7-gm-gm-Eb-F7-F7sus2-Bb-D-Eb-D7-E-bmaj7-F(add9)-D7-gm-gm-Eb-F7-F-B-bsus4-Bb-F7sus4","http://www.hooktheory.com/theorytab/view/billy-joel/honesty"
"94","Billy Joel","We Didn't Start The Fire","Chorus","Gmaj","145","G-em7-C(add9)-G-em7-C(add9-)","http://www.hooktheory.com/theorytab/view/billy-joel/we-didnt-start-the-fire"
"95","Billy Joel","Leningrad","Chorus","Amin","70","dm-dm-dm-dm-asus4-asus4-am-am-Gsus4-Gsus4-G-G-asus4-asus4-A-A-dsus4-dsus4-dm-dm-asus4-asus4-am-am-Gsus4-Gsus4-G-G-asus4-asus4-A-A","http://www.hooktheory.com/theorytab/view/billy-joel/leningrad"
"96","Billy Joel","Allentown","Intro","Gmaj","136","C-G-C-G-C-G","http://www.hooktheory.com/theorytab/view/billy-joel/allentown"
"97","Billy Joel","Vienna","Verse","Bbmaj","130","gm-Bb-F-Ab-Eb-Bb-C-D","http://www.hooktheory.com/theorytab/view/billy-joel/vienna"
"98","Billy Joel","Movin Out","Verse","Dmin","134","dm-gm7-C9-em7(b5-b9)-F-F-F-dm-gm7-C9-em7(b5-b9)-F-F-F-dm-G7-Bb-C7-Bb-C7-Bb-C-dm-gm7-C9-F-C","http://www.hooktheory.com/theorytab/view/billy-joel/movin-out"
"99","Billy Joel","Movin Out","Chorus","Dmin","132","F-Bb-C-gm-A-dm-dm-Bb-em7-A7-dm-gm7-C9-em7(b5-b9)-F-dm-gm7-C-C-Fmaj7","http://www.hooktheory.com/theorytab/view/billy-joel/movin-out"
"100","Billy Joel","I've Loved These Days","Verse","Cmaj","78","C-f#m7(b5)-G-Bb-F-Fmaj7sus2-Bb-F-C7-A7-dm-D-F-G-F-G7","http://www.hooktheory.com/theorytab/view/billy-joel/ive-loved-these-days"
"101","Billy Joel","It's Still Rock and Roll to Me","Verse","Cmaj","138","C-em-Bb-F-C-em-Bb-F","http://www.hooktheory.com/theorytab/view/billy-joel/its-still-rock-and-roll-to-me"
"102","Billy Joel","It's Still Rock and Roll to Me","Chorus","Cmaj","138","em-am-em-D-G-C-em-Bb-F-am-G-C","http://www.hooktheory.com/theorytab/view/billy-joel/its-still-rock-and-roll-to-me"
"103","Elton John","Tiny Dancer","Intro","Cmaj","128","C-F-C-F-C-F-C-F","http://www.hooktheory.com/theorytab/view/elton-john/tiny-dancer"
"104","Elton John","Tiny Dancer","Verse","Cmaj","146","C-F-C-F-C-C-F-F-G-C-F-C-F-C-C-F-F-C-F-em7-am7-D-dm7-E-am-G7-C-F-C-F-C-C-G-F-C-G","http://www.hooktheory.com/theorytab/view/elton-john/tiny-dancer"
"105","Elton John","Tiny Dancer","Pre-Chorus","Ebmaj","144","Ab-Bb-gm7-cm-Ab-Bb-G7-G-C","http://www.hooktheory.com/theorytab/view/elton-john/tiny-dancer"
"106","Elton John","Tiny Dancer","Chorus","Amin","128","F-C-dm-dm-C-F-C-Gsus4-G(add9)-G-G(add9)-C-F-C-dm-dm-C-F-C-G(add9)-G(add9)-C","http://www.hooktheory.com/theorytab/view/elton-john/tiny-dancer"
"107","Elton John","Tiny Dancer","Instrumental","Cmaj","128","C-F-C-F","http://www.hooktheory.com/theorytab/view/elton-john/tiny-dancer"
"108","Elton John","Can You Feel the Love Tonight","Intro","Bbmaj","63","Bb-F-Eb-Bb-Eb-Bb-F-Bb-cm7-Bb","http://www.hooktheory.com/theorytab/view/elton-john/can-you-feel-the-love-tonight"
"109","Elton John","Can You Feel the Love Tonight","Verse","Bbmaj","62","Eb-Bb-Eb-Bb-Eb-Bb-cm7-F-Eb-Bb-Eb-Bb-Eb-gm-Ab-F","http://www.hooktheory.com/theorytab/view/elton-john/can-you-feel-the-love-tonight"
"110","Elton John","Can You Feel the Love Tonight","Chorus","Bbmaj","62","Bb-F-gm-Eb-Bb-Eb-C-F-Eb-Bb-gm-gm-Eb-cm-Bb-cm-C-F-Bb-F-gm-Eb-Bb-Eb-C-F-Eb-Bb-gm-gm-Eb-cm-Bb-cm-F7sus4-Eb-Bb","http://www.hooktheory.com/theorytab/view/elton-john/can-you-feel-the-love-tonight"
"111","Elton John","Your Song","Verse","Ebmaj","88","Eb-A-bmaj7-Bb-gm7-cm-cm-am7(b5)-Ab-Eb-Bb-G7-cm-Eb-fm7-Ab-Bb","http://www.hooktheory.com/theorytab/view/elton-john/your-song"
"112","Elton John","Your Song","Chorus","Ebmaj","63","Bb-cm-fm-Ab-Bb-cm-fm-Ab-cm-cm-am7(b5)-fm-Eb-fm-Bb-B-bsus4-Bb","http://www.hooktheory.com/theorytab/view/elton-john/your-song"
"113","Elton John","Crocodile Rock","Verse","Gmaj","128","G-bm-C-D","http://www.hooktheory.com/theorytab/view/elton-john/crocodile-rock"
"114","Elton John","Crocodile Rock","Chorus","Gmaj","150","em-A-D-G-E7-A-D-F-C-F-C-F-C","http://www.hooktheory.com/theorytab/view/elton-john/crocodile-rock"
"115","Elton John","Crocodile Rock","Bridge","Gmaj","150","G-em-C-D","http://www.hooktheory.com/theorytab/view/elton-john/crocodile-rock"
"116","Elton John","Levon","Intro","Fmaj","128","F-F-Bb-Bb-F-F-Bb-Bb","http://www.hooktheory.com/theorytab/view/elton-john/levon"
"117","Elton John","Levon","Verse","Fmaj","128","F-Bb-F-F-Bb-Bb-F-F-C-C-dm-dm-am7-Bb-gm7-gm7","http://www.hooktheory.com/theorytab/view/elton-john/levon"
"118","Elton John","Levon","Pre-Chorus","Fmaj","128","am7-dm-F-Bb-F-gm7-F-F-Bb-F-gm7-gm7-gm7-gm7","http://www.hooktheory.com/theorytab/view/elton-john/levon"
"119","Elton John","Levon","Chorus","Bbmaj","128","gm7-F-Bb-Eb-Bb-F-Fsus4-F-Bb-Eb-Bb-F-Fsus4-F-F-Bb-Eb-Bb-F-Fsus4-F-B-bsus4-B-bsus4-Csus4-C","http://www.hooktheory.com/theorytab/view/elton-john/levon"
"120","Elton John","Levon","Instrumental","Fmaj","128","F-F-Bb-E-b(add9)-Bb-F-F-Bb-Bb","http://www.hooktheory.com/theorytab/view/elton-john/levon"
"121","Elton John","The Oven Instructions Song","Chorus","Cmaj","150","F-F-C-C-G-G-C-C-F-F-C-C-D-D-G-G","http://www.hooktheory.com/theorytab/view/elton-john/the-oven-instructions-song"
"122","Elton John","Yellow Brick Road","Chorus","Fmin","123","b-bm-b-bm-Eb-Ab-A-bmaj7-Db-Db-bbm-b-bm-Eb-fm-Ab","http://www.hooktheory.com/theorytab/view/elton-john/yellow-brick-road"
"123","Elton John","Nikita","Verse","Gmaj","173","G-G-C-G-G-D-G","http://www.hooktheory.com/theorytab/view/elton-john/nikita"
"124","Elton John","Don't Let The Sun Go Down On Me","Intro","Cmaj","68","C-C7-F-C-F-dm","http://www.hooktheory.com/theorytab/view/elton-john/dont-let-the-sun-go-down-on-me"
"125","Elton John","Don't Let The Sun Go Down On Me","Verse","Gmaj","68","G-F-C-F-Bb-F-G-G-G-F-C-F-Bb-F-G-G-F-C-F-Bb-F-G-F-Bb-F-C-G-G7","http://www.hooktheory.com/theorytab/view/elton-john/dont-let-the-sun-go-down-on-me"
"126","Elton John","Don't Let The Sun Go Down On Me","Chorus","Cmaj","67","C-C7-am7-D-C-F-G7-C-C7-F-dm-C-F-G-C-C7-F-C-dm","http://www.hooktheory.com/theorytab/view/elton-john/dont-let-the-sun-go-down-on-me"
"127","Elton John","Love Song","Verse","Dmaj","83","em9-A7-em9-A7","http://www.hooktheory.com/theorytab/view/elton-john/love-song"
"128","Elton John","Daniel","Verse","Cmaj","131","C-dm-G-E7-am-am7-F-G-am-G-F-G-F-C-G-C","http://www.hooktheory.com/theorytab/view/elton-john/daniel"
"129","Elton John","Daniel","Bridge","Cmaj","136","C-F-C-F-C-C-am7-F7-fm-C-A7-dm7-G7","http://www.hooktheory.com/theorytab/view/elton-john/daniel"
"130","Elton John","Sorry Seems To Be The Hardest Word","Verse","Gmin","73","gm-Bb-cm7-F-Bb-am7-D7-gm-Bb-cm7-F-Bb-am7-D7","http://www.hooktheory.com/theorytab/view/elton-john/sorry-seems-to-be-the-hardest-word"
"131","Elton John","Sorry Seems To Be The Hardest Word","Chorus","Gmin","62","Eb-D-Bb-em7-cm-D7-gm-am7-D7-Eb-D-Bb-C7-Eb-cm7-D-D7","http://www.hooktheory.com/theorytab/view/elton-john/sorry-seems-to-be-the-hardest-word"
"132","Elton John","Rocket Man","Pre-Chorus","Bbmaj","70","Bb-Bb-Eb-Bb-Eb-e-bm6-Csus4-C-Bb","http://www.hooktheory.com/theorytab/view/elton-john/rocket-man"
"133","Elton John","Benny and the Jets","Verse","Gmaj","132","am-D-G-g#o-am-D-em-em","http://www.hooktheory.com/theorytab/view/elton-john/benny-and-the-jets"
"134","Elton John","Skyline Pigeon","Verse","Ebmaj","73","Eb-Bb-Ab-Bb-Eb-F-Ab-Eb-Bb7-Eb-Ab-Bb-Eb","http://www.hooktheory.com/theorytab/view/elton-john/skyline-pigeon"
"135","Elton John","Skyline Pigeon","Pre-Chorus","Ebmaj","73","Ab-Bb-Eb-Ab-Ab-Bb-Bb-Eb","http://www.hooktheory.com/theorytab/view/elton-john/skyline-pigeon"
"136","Elton John","Skyline Pigeon","Chorus","Ebmaj","73","G7-cm-D7-gm-Ab-Bb-Eb-G7-cm-D7-gm-Ab-Bb-Eb","http://www.hooktheory.com/theorytab/view/elton-john/skyline-pigeon"
"137","Elton John","Goodbye Yellow Brick Road","Verse","Fmaj","132","gm-C-F-Bb-Eb-C7-F-F-gm7-Bb-C7-F-Bb-Eb-C7-F-F","http://www.hooktheory.com/theorytab/view/elton-john/goodbye-yellow-brick-road"
"138","Elton John","Goodbye Yellow Brick Road","Pre-Chorus","Fmaj","120","Db-E-b7-Ab-Db-bbm-C7","http://www.hooktheory.com/theorytab/view/elton-john/goodbye-yellow-brick-road"
"139","Elton John","Goodbye Yellow Brick Road","Chorus","Fmaj","120","C7-F-A7-Bb-F-D7-gm-C7-F-dm-A-Bb-Db-Db-Eb-F-am-dm-C-Bb-C7","http://www.hooktheory.com/theorytab/view/elton-john/goodbye-yellow-brick-road"
"140","Journey","Don't Stop Believing","Verse","Emaj","117","E-B-c#m7-A-E-B-g#m-A-E","http://www.hooktheory.com/theorytab/view/journey/dont-stop-believing"
"141","Journey","Don't Stop Believing","Pre-Chorus","Emaj","120","B7-A-B7-Amaj7-Emaj7-E-Emaj7-E-B7-A-B7-Amaj7-B-E-B-E-A","http://www.hooktheory.com/theorytab/view/journey/dont-stop-believing"
"142","John Williams","Jurassic Park - Journey to the Island","Chorus","Bbmaj","174","Bb-C7-gm-dm-Eb-gm-dm-D-gm-Eb-Asus4-A-Bb-C7-gm-dm-Eb-gm-dm-D-cm-Dsus4-D","http://www.hooktheory.com/theorytab/view/john-williams/jurassic-park---journey-to-the-island"
"143","Howard Shore","A Journey In The Dark","Instrumental","Cmaj","60","F-am-dm-G-C-D-em","http://www.hooktheory.com/theorytab/view/howard-shore/a-journey-in-the-dark"
"144","Journey","Faithfully","Verse","Bmaj","65","B-g#m7-E-B-B-B-g#m-E-B-F#","http://www.hooktheory.com/theorytab/view/journey/faithfully"
"145","Journey","Faithfully","Pre-Chorus","Bmaj","65","E-g#m-B-E-g#m-B-E-g#m-B-F#-d#m-F#-F#-c#m-B-E-B-g#m-F#-E","http://www.hooktheory.com/theorytab/view/journey/faithfully"
"146","Journey","Lights","Chorus","Dmix","205","D-bm-C-D-bm-C-D-bm-C-bm-C-D","http://www.hooktheory.com/theorytab/view/journey/lights"
"147","Journey","Lights","Bridge","Bmin","207","bm-G-D-D-bm-G-D-A-A-a#o-bm-G-D-D-bm-C-D","http://www.hooktheory.com/theorytab/view/journey/lights"
"148","Unitopia","Journey's Friend","Bridge","Amin","128","am-F-em-dm-am-F-em-dm-E-D6-E-D7-E-D6-E-D7","http://www.hooktheory.com/theorytab/view/unitopia/journeys-friend"
"149","Unitopia","Journey's Friend","Solo","Fmaj","128","Fmaj7-B-bmaj7-Fmaj7-B-bmaj7-Fmaj7-B-bmaj7-Fmaj7-B-bmaj7","http://www.hooktheory.com/theorytab/view/unitopia/journeys-friend"
"150","Nobuo Uematsu","Neverending Journey","Intro","Emin","85","em-bm-em-bm-em-bm-C-D-em","http://www.hooktheory.com/theorytab/view/nobuo-uematsu/neverending-journey"
"151","Kentarou Haneda","SDC Orguss - Journey into Tomorrow","Instrumental","Gmin","147","gm-gm-gm-A7-A7-A7-Ab-Ab-Ab-G-G-G-gm-gm-gm-A7-A7-A7-Ab-Ab-Ab-G-G-G-gm-E-b9-d7(b5-)sus-b2-F-G-gm-E-b9-d7(b5-)sus-b2-F-G-E-bmaj7-dm7-E-bmaj7-dm7-g7sus-b2-cm7-dm7-E-bmaj7-dm7-cm7-dm7-E-bmaj7-em7(b5)-Eb-Eb-D","http://www.hooktheory.com/theorytab/view/kentarou-haneda/sdc-orguss---journey-into-tomorrow"
"152","Journey","Separate Ways Worlds Apart","Verse","Emin","129","","http://www.hooktheory.com/theorytab/view/journey/separate-ways"
"153","Journey","Separate Ways","Verse","Cmaj","150","C-G-am-em-F-am-dm-A-dm-F-G-G-C-G-am-em-F-am-dm-A-G-G-Ab-Ab-Bb-Bb-C","http://www.hooktheory.com/theorytab/view/nintendo/beginning-of-a-journey-kirby-and-the-rainbow-curse"
"154","Journey","Separate Ways","Chorus","Cmaj","151","fm-Bb-Eb-Ab-Bb-A-b6-Eb-do-eo-C-F-em-am7-G-dm-am-F-B-em7-A-dm7-G7sus4-G-G-G-G-G","http://www.hooktheory.com/theorytab/view/nintendo/beginning-of-a-journey-kirby-and-the-rainbow-curse"
"155","Nintendo","Beginning of a Journey-Kirby and the Rainbow Curse","Intro","Emin","131","em-em-em-em-em-em-em-em-em-em-em-em-em-em-em-em-em-em-em-D-C","http://www.hooktheory.com/theorytab/view/journey/separate-ways-worlds-apart"
"156","Nintendo","Beginning of a Journey-Kirby and the Rainbow Curse","Verse","Emin","132","em-D(add9)-C-em-D(add9)-C-em-D(add9)-C-em-D(add9)-C-am7-bm7","http://www.hooktheory.com/theorytab/view/journey/separate-ways-worlds-apart"
"157","Nintendo","Beginning of a Journey-Kirby and the Rainbow Curse","Pre-Chorus","Emin","132","C6-D-C-am-am7-bm7-C6-D-C-am-bm7-C6-C6","http://www.hooktheory.com/theorytab/view/journey/separate-ways-worlds-apart"
"158","Rod Stewart","Young Turks","Intro","Bbmix","162","Bb-Eb-Bb-Eb","http://www.hooktheory.com/theorytab/view/rod-stewart/young-turks"
"159","Rod Stewart","Young Turks","Chorus","Ebmaj","161","Eb-cm-gm-Bb-Eb-cm-gm-Ab-Cb-Eb","http://www.hooktheory.com/theorytab/view/rod-stewart/young-turks"
"160","Michael Jackson","Billie Jean","Intro","F#dor","118","f#m-g#m-f#m7-g#m-f#m-g#m-f#m7-g#m","http://www.hooktheory.com/theorytab/view/michael-jackson/billie-jean"
"161","Michael Jackson","Billie Jean","Verse","F#min","118","f#m-g#m-f#m7-g#m-f#m-g#m-f#m7-g#m-bm7-bm7-bm7-bm7-f#m-g#m-f#m7-g#m-bm7-bm7-bm7-bm7-f#m-g#m-f#m7-g#m","http://www.hooktheory.com/theorytab/view/michael-jackson/billie-jean"
"162","Michael Jackson","Billie Jean","Pre-Chorus","F#min","128","D-D-f#m-f#m-D-D-f#m-f#m-D-D-f#m-f#m-D-D-C#-C#","http://www.hooktheory.com/theorytab/view/michael-jackson/billie-jean"
"163","Michael Jackson","Billie Jean","Chorus","F#min","118","f#m-g#m-f#m7-g#m-f#m-g#m-f#m7-g#m-bm7-f#m-g#m-f#m7-g#m-bm7-f#m-g#m-f#m7-g#m","http://www.hooktheory.com/theorytab/view/michael-jackson/billie-jean"
"164","Michael Jackson","Beat It","Intro","D#min","135","d#m7-C#(add9)-d#m7-C#(add9)-C#(add9-)","http://www.hooktheory.com/theorytab/view/michael-jackson/beat-it"
"165","Michael Jackson","Beat It","Verse","D#min","137","d#m-C#-d#m-C#-B-C#-d#m-C#","http://www.hooktheory.com/theorytab/view/michael-jackson/beat-it"
"166","Michael Jackson","Thriller","Intro","C#dor","118","c#m7-c#m7-f#m7-f#m7-F#7-F#7-c#o-c#o-c#m-E-E-F#-c#m7-c#m7-c#m7","http://www.hooktheory.com/theorytab/view/michael-jackson/thriller"
"167","Michael Jackson","Thriller","Verse","C#dor","118","F#-c#m7-F#-c#m7-F#-c#m7-F#-Amaj7-c#m-11","http://www.hooktheory.com/theorytab/view/michael-jackson/thriller"
"168","Michael Jackson","Thriller","Chorus","C#dor","118","c#m-c#m-F#-c#m7-F#-f#m","http://www.hooktheory.com/theorytab/view/michael-jackson/thriller"
"169","Michael Jackson","Thriller","Chorus","C#dor","118","F#7-A7-F#7-B6-D#7-Dmaj7-B7sus4-c#m7","http://www.hooktheory.com/theorytab/view/michael-jackson/thriller"
"170","Michael Jackson","Thriller","Bridge","C#dor","118","F#7-A7-F#7-B6-c#m7-F#7-F#7-F#-Emaj7-A-A-A-B-c#m7-c#m-a#m7(b5)-Amaj7-G#7sus4-G#7-F#7","http://www.hooktheory.com/theorytab/view/michael-jackson/thriller"
"171","Michael Jackson","Thriller","Outro","C#dor","118","F#7-A7-F#7-c#m-A-F#sus4-F#","http://www.hooktheory.com/theorytab/view/michael-jackson/thriller"
"172","Michael Jackson","Black or White","Verse","Emaj","116","Esus4-Esus4-Esus4-Esus4-Esus4-E-Bsus4-Bsus4-Bsus4-Bsus4-Bsus4-E-Esus4-Esus4-Esus4-Esus4-Esus4-E-Bsus4-Bsus4-Bsus4-Bsus4-Bsus4-E","http://www.hooktheory.com/theorytab/view/michael-jackson/black-or-white"
"173","Michael Jackson","Black or White","Chorus","Emaj","116","A-A-Esus4-Esus4-Esus4-Esus4-Esus4-E-Bsus4-Bsus4-Bsus4-Bsus4-Bsus4-E-B-A-Esus4-Esus4-Esus4-Esus4-Esus4-E-Bsus4-Bsus4-Bsus4-Bsus4-Bsus4-E","http://www.hooktheory.com/theorytab/view/michael-jackson/black-or-white"
"174","Michael Jackson","Smooth Criminal","Intro","Amin","140","am-am-bm-C-bm-am-bm-C-bm-am-bm-C-bm-am-am-bm-C-bm-am","http://www.hooktheory.com/theorytab/view/michael-jackson/smooth-criminal"
"175","Michael Jackson","Smooth Criminal","Pre-Chorus","Amin","118","F-G-F-G-F-G-F-E-am-am-G-F-G-am-G-F-E-am-G-F-G-am-G-F-E","http://www.hooktheory.com/theorytab/view/michael-jackson/smooth-criminal"
"176","Michael Jackson","Don't Stop 'Till You Get Enough","Verse","Bmix","114","B-A-A-B-B-B-A-A-B-B","http://www.hooktheory.com/theorytab/view/michael-jackson/dont-stop-till-you-get-enough"
"177","Michael Jackson","Man In The Mirror","Chorus","Gmaj","106","G-G(add9)-C-Dsus4-Dsus2sus4-G-G(add9)-C-Dsus4-Dsus2sus4-G-G7-C-c#m7(b5)-dm7-G","http://www.hooktheory.com/theorytab/view/michael-jackson/man-in-the-mirror"
"178","Michael Jackson","Love Never Felt So Good","Verse","Fmaj","117","gm7-Csus2sus4-Fmaj7-d7sus-b2-gm7-Csus2sus4-gm7-Csus2sus4-Fmaj7-ao-d7sus-b2-gm7-Csus2sus4","http://www.hooktheory.com/theorytab/view/michael-jackson/love-never-felt-so-good"
"179","Michael Jackson","Love Never Felt So Good","Pre-Chorus","Fmaj","117","am7(b5)-d7sus-b2-B-bmaj7-F-gm7-C7sus4-gm7-Csus2sus4-Fmaj7-d7sus-b2-gm7-Csus2sus4-Fmaj7-d7sus-b2-gm7-Csus2sus4-Fmaj7-Csus2sus4","http://www.hooktheory.com/theorytab/view/michael-jackson/love-never-felt-so-good"
"180","Michael Jackson","Love Never Felt So Good","Bridge","Fmaj","115","E-b6-dm7-B-bmaj7-D-bmaj7-cm7-A-bmaj7-cm6-D7-gm-Bb-E-bmaj7-B-bmaj7-Csus2sus4","http://www.hooktheory.com/theorytab/view/michael-jackson/love-never-felt-so-good"
"181","Michael Jackson","I Just Can't Stop Loving You","Verse","Cmix","100","C-C-gm7-gm7-C-C-C7sus4-C7sus4-F-F-fm-am7-Bb7sus4-Bb7sus4-E-bmaj7-G","http://www.hooktheory.com/theorytab/view/michael-jackson/i-just-cant-stop-loving-you"
"182","Michael Jackson","Earth Song","Intro","G#dor","140","g#m-C#-g#m-C#-g#m-C#-D#","http://www.hooktheory.com/theorytab/view/michael-jackson/earth-song"
"183","Michael Jackson","Earth Song","Pre-Chorus","G#min","136","E-F#sus4-F#-B-g#m-c#m-D#-D#","http://www.hooktheory.com/theorytab/view/michael-jackson/earth-song"
"184","Michael Jackson","Bad","Verse","Ador","110","am7-D7-am7-D7-am7-D7-am7-D7-am7-D7-am7-D7-am7-D7-am7-D7","http://www.hooktheory.com/theorytab/view/michael-jackson/bad"
"185","Michael Jackson","Bad","Pre-Chorus","Amix","107","bm7-c#m7-bm7-c#m7-bm7-c#m7-em7","http://www.hooktheory.com/theorytab/view/michael-jackson/bad"
"186","Michael Jackson","You Are Not Alone","Chorus","Bmaj","60","B-F#-g#m7-c#m7-F#7sus4-B-G(add9)-A7-B-G(add9)-F#7sus4-F#7sus4","http://www.hooktheory.com/theorytab/view/michael-jackson/you-are-not-alone"
"187","Michael Jackson","You Are Not Alone","Bridge","Bmaj","60","f#m-G#7-E-c#m7-F#7sus4","http://www.hooktheory.com/theorytab/view/michael-jackson/you-are-not-alone"
"188","Michael Jackson","Break Of Dawn","Chorus","Fmin","80","F(add9)-D-b(add9)-A-b6-F(add9)-D-b(add9)-A-b6-F(add9)-D-b(add9)-A-b6-F(add9)-D-b(add9)-A-b6","http://www.hooktheory.com/theorytab/view/michael-jackson/break-of-dawn"
"189","Michael Jackson","Stranger In Moscow","Verse","Ebmix","66","Eb-D-b(add9)-Gb-Ab-Eb-D-b(add9)-Gb-Ab-Eb-D-b(add9)-Gb-Ab-Eb-D-b(add9)-Gb-Ab","http://www.hooktheory.com/theorytab/view/michael-jackson/stranger-in-moscow"
"190","Michael Jackson","Stranger In Moscow","Chorus","Emaj","66","Emaj7-A-Emaj7-A-Dmaj7-G-A-A-A","http://www.hooktheory.com/theorytab/view/michael-jackson/stranger-in-moscow"
"191","Michael Jackson","Heal The World","Intro","Amaj","81","D-A-bm7-c#m-D-A-bm7-c#m-D-A-bm7-c#m-D-A-bm7-c#m-D-D-c#m-D-c#m-bm7-D","http://www.hooktheory.com/theorytab/view/michael-jackson/heal-the-world"
"192","MajorVsMinor","Michael Jackson - Black or White","Chorus","Fmin","115","b-bm-b-bm-b-bm-b-bm-b-bm-fm-C-fm-fm-b-bm-b-bm-b-bm-b-bm-b-bm-fm-C-fm-Db-bbm-b-bm-b-bm-b-bm-b-bm-fm-C-fm-eo-C","http://www.hooktheory.com/theorytab/view/majorvsminor/michael-jackson---black-or-white"
"193","Michael Jackson","Jam","Chorus","Ddor","114","dm7-G-dm7-G","http://www.hooktheory.com/theorytab/view/michael-jackson/jam"
"194","Michael Jackson","Why You Wanna Trip On Me","Chorus","Dmin","135","dm7-Bb-c#o-A7-dm7-Bb-c#o-A7-dm7-Bb-c#o-A7-dm7-Bb-c#o-A7","http://www.hooktheory.com/theorytab/view/michael-jackson/why-you-wanna-trip-on-me"
"195","Michael Jackson","She Drives Me Wild","Chorus","C#min","109","c#m7-a#m7(b5)-f#m7-c#m7-a#m7(b5)-f#m7-G#7sus4-G#7","http://www.hooktheory.com/theorytab/view/michael-jackson/she-drives-me-wild"
"196","Paul McCartney - Michael Jackson","Say Say Say","Verse","Bbmin","128","b-bm7-Eb-e-bm7-b-bm7-b-bm7-Eb-e-bm7-b-bm7-e-bm7-Gb-bbm7-b-bm7-e-bm7-Gb-F7","http://www.hooktheory.com/theorytab/view/paul-mccartney---michael-jackson/say-say-say"
"197","Michael Jackson","Will You Be There","Verse","Dmaj","80","D-em-D-G-D-em-D-G-D-em-D-G-D-em-D-G","http://www.hooktheory.com/theorytab/view/michael-jackson/will-you-be-there"
"198","Michael Jackson","Will You Be There","Bridge","Dmaj","82","F-Eb-D-F-Eb-D-F-Eb-D-C-A","http://www.hooktheory.com/theorytab/view/michael-jackson/will-you-be-there"
"199","Michael Jackson","Off the Wall","Intro","Emin","87","em-C-D-em-C-D","http://www.hooktheory.com/theorytab/view/michael-jackson/give-into-me"
"200","Michael Jackson","Who Is It","Intro","C#min","100","c#m-c#m-c#m-c#m-c#m-c#m-c#m-c#m-c#m-c#m-c#m-c#m","http://www.hooktheory.com/theorytab/view/michael-jackson/threatened"
"201","Michael Jackson","Michael Jackson - Thriller","Verse","D#min","115","C#-d#m-d#m-C#-d#m-d#m-C#-d#m","http://www.hooktheory.com/theorytab/view/michael-jackson/off-the-wall"
"202","Michael Jackson","Michael Jackson - Thriller","Chorus","D#min","120","g#m7-Bmaj7-a#m7-g#m7-g#m7-Bmaj7-a#m7-g#m7-F#maj7-Emaj7-Emaj7-d#m7-a#m7-d#m7-d#m7","http://www.hooktheory.com/theorytab/view/michael-jackson/off-the-wall"
"203","Michael Jackson","Michael Jackson - Thriller","Bridge","F#maj","128","Bmaj7-a#m7-g#m7-C#6-Bmaj7-a#m7-g#m7-d#m7-C#maj7","http://www.hooktheory.com/theorytab/view/michael-jackson/off-the-wall"
"204","Michael Jackson","Man In TheMirror","Chorus","Dmin","103","dm-am-dm-am-dm-am-gm-am-dm-am-dm-C-dm-am-asus4","http://www.hooktheory.com/theorytab/view/michael-jackson/who-is-it"
"205","Michael Jackson","Wanna Be Startin' Somethin'","Chorus","C#dor","128","c#m-E-E-E-E-E-F#-c#m-F#-A-c#m-E-E-E-E-E-F#-c#m-F#-A","http://www.hooktheory.com/theorytab/view/james-egbert/michael-jackson---thriller"
"206","Michael Jackson","This Time Around","Intro","Gmaj","106","","http://www.hooktheory.com/theorytab/view/michael-jackson/man-in-themirror"
"207","James Egbert","Give Into Me","Chorus","Emaj","120","E-D-E-E-D-E-D-E-E-D-E-D-E-E-D-E-D-D-E-E-D-E","http://www.hooktheory.com/theorytab/view/michael-jackson/wanna-be-startin-somethin"
"208","Michael Jackson","Threatened","Intro","Dmin","108","dm-am-am7-am7-am","http://www.hooktheory.com/theorytab/view/michael-jackson/this-time-around"
"209","Chicago","Hard To Say Im Sorry","Pre-Chorus","Emaj","72","E-A-B-d#m(b5)-G#7-c#m-c#m-F#7-E-B-c#m7-B","http://www.hooktheory.com/theorytab/view/chicago/hard-to-say-im-sorry"
"210","Sufjan Stevens","Chicago","Intro","Dmix","124","D-am-G-D-am-G","http://www.hooktheory.com/theorytab/view/sufjan-stevens/chicago"
"211","Sufjan Stevens","Chicago","Verse","Dmix","126","D-am-C-G-D-am-C-G-D-am-C-G-D-am-C-G","http://www.hooktheory.com/theorytab/view/sufjan-stevens/chicago"
"212","Chicago","Colour My World","Intro","Fmaj","80","Fmaj7-Fmaj7-am-am-Bb-Bb-E-b(add9)-Eb-A-bmaj7-A-bmaj7-G-bmaj7-Gb-D(add9)-D-Gmaj7-G-E-b(add9)-E-b7-C7-C7-C7-C(add9)-Fmaj7-Bb-C","http://www.hooktheory.com/theorytab/view/chicago/colour-my-world"
"213","Chicago","25 or 6 to 4","Verse","Amin","148","am-am-f#m7(b5)-F-E-am-am-f#m7(b5)-F-E-am-am-f#m7(b5)-F-E-am-am-f#m7(b5)-F-E","http://www.hooktheory.com/theorytab/view/chicago/25-or-6-to-4"
"214","Chicago","25 or 6 to 4","Chorus","Cmaj","149","F-C-G-F","http://www.hooktheory.com/theorytab/view/chicago/25-or-6-to-4"
"215","Chicago","You're The Inspiration","Verse","Bmaj","74","B-B(add9)-d#m7-g#m-Bmaj7-E-F#7-B-B(add9)-d#m7-g#m-Bmaj7-E","http://www.hooktheory.com/theorytab/view/chicago/youre-the-inspiration"
"216","Chicago","You're The Inspiration","Pre-Chorus","Bmaj","74","F#-B-E-A-D#-g#m-C#-F#-D#-G#-A#","http://www.hooktheory.com/theorytab/view/chicago/youre-the-inspiration"
"217","Chicago","You're The Inspiration","Chorus","Ebmaj","74","Eb-gm7-A-b(add9)-Eb-Bb-Eb-gm7-A-b(add9)-Eb-Bb-Gb-G-bmaj7sus2-Cb-c-bm(add9)-Gb-D-b7sus4-Gb-D-bsus2sus4-D-b7","http://www.hooktheory.com/theorytab/view/chicago/youre-the-inspiration"
"218","Chicago","You're The Inspiration","Outro","Fmaj","74","F-Fmaj7-Bb-F-C-F-dm-Bb-F-gm7-C","http://www.hooktheory.com/theorytab/view/chicago/youre-the-inspiration"
"219","Robert Johnson","Sweet Home Chicago","Verse","Fmaj","101","F-Bb-F-G-Bb-C(add9)-D-E-F-Bb-F-G-F-Bb-F-D-F-Bb-F-G-Bb-C(add9)-D-E-F-Bb-F-G-F-Bb-F-D","http://www.hooktheory.com/theorytab/view/robert-johnson/sweet-home-chicago"
"220","Grant Kirkhope","Perfect Dark - Chicago Stealth","Intro","Cmaj","128","am7-D9-F-C-am-D9-F-C","http://www.hooktheory.com/theorytab/view/chicago/saturday-in-the-park"
"221","Grant Kirkhope","Perfect Dark - Chicago Stealth","Verse","Cmaj","128","am7-D9-F-C-am7-D9-F-C","http://www.hooktheory.com/theorytab/view/chicago/saturday-in-the-park"
"222","Grant Kirkhope","Perfect Dark - Chicago Stealth","Pre-Chorus","Gmaj","128","bm7-em7-Dmaj7-Dmaj7-C-bm7-am7-C-D-G-gm-11-C-G-am7-am7-D9-D9-G-G-C-C","http://www.hooktheory.com/theorytab/view/chicago/saturday-in-the-park"
"223","Grant Kirkhope","Perfect Dark - Chicago Stealth","Bridge","Cmaj","227","cm-11-C-cm-11-C-cm-11-C-cm-11-C-Db-Eb-Db-Eb-Db-Eb-Db-Eb-F-G-F-G-F-G-F-G","http://www.hooktheory.com/theorytab/view/chicago/saturday-in-the-park"
"224","Chicago","Feelin' Stronger Every Day","Intro","Dmin","90","dm-Bb-dm-Bb","http://www.hooktheory.com/theorytab/view/grant-kirkhope/perfect-dark---chicago-stealth"
"225","Chicago","Feelin' Stronger Every Day","Verse","Dmin","90","dm-Bb-dm-Bb-dm-Bb-dm-Bb-dm-Bb","http://www.hooktheory.com/theorytab/view/grant-kirkhope/perfect-dark---chicago-stealth"
"226","Chicago","Saturday in the Park","Intro","Ddor","155","dm-F-G-G-C-F-dm-F6-G-G-G-C-F-C-Bb-am-dm-C-C-Bb-am-C7sus2-am-Bb-C","http://www.hooktheory.com/theorytab/view/chicago/feelin-stronger-every-day"
"227","Chicago","Saturday in the Park","Verse","Cmix","155","C-Eb-Bb-Bb-Bb-F-Bb-Bb-F","http://www.hooktheory.com/theorytab/view/chicago/feelin-stronger-every-day"
"228","Chicago","Saturday in the Park","Chorus","Ddor","156","am-dm-am-dm-F-G","http://www.hooktheory.com/theorytab/view/chicago/feelin-stronger-every-day"
"229","Chicago","Saturday in the Park","Bridge","Bmix","160","A-E-B-F#-C#-B","http://www.hooktheory.com/theorytab/view/chicago/feelin-stronger-every-day"
"230","Chicago","Saturday in the Park","Outro","Bmix","160","A-E-B-A-E-B","http://www.hooktheory.com/theorytab/view/chicago/feelin-stronger-every-day"
"231","Sheena Easton","What You Are","Intro","Cmaj","72","C(add9)-G-am-F-C(add9)-G-am-F-G","http://www.hooktheory.com/theorytab/view/sheena-easton/what-you-are"
"232","Sheena Easton","What You Are","Verse","Cmaj","72","C(add9)-F-C(add9)-G-am-em-gm7-C(add9)-F-G7-C(add9)-A7-F-Bb7-G-G7-em7-G(add9)-G7-C(add9)-F-C(add9)-bo-am-em-gm7-C(add9)-F-G7-C(add9)-A7-dm-G7sus4-G7-fm6-C(add9-)","http://www.hooktheory.com/theorytab/view/sheena-easton/what-you-are"
"233","Sheena Easton","What You Are","Pre-Chorus","Cmaj","72","C(add9)-gm7-C7-F-dm-bm7-E-A-A7-em-A7-dm-G-G7-C(add9)-em-A-A7-dm-Ab-Csus4-G7-C(add9)-em7-am7-F-C(add9)-F-C(add9)-F-G7sus4-G7-Csus4-C","http://www.hooktheory.com/theorytab/view/sheena-easton/what-you-are"
"234","Sheena Easton","What You Are","Instrumental","Cmaj","72","cm-Csus4-C-Eb-E-b(add9)-C-am-em-F-G7sus4-C-am-em-dsus4-D-G7sus4-G","http://www.hooktheory.com/theorytab/view/sheena-easton/what-you-are"
"235","Sheena Easton","What You Are","Outro","Dbmaj","72","Db-f7sus4-b-bm-b-bm-e-bm6-A-b7sus4-Ab-Db","http://www.hooktheory.com/theorytab/view/sheena-easton/what-you-are"
"236","Sheena Easton","For Your Eyes Only","Chorus","Gmaj","84","Gmaj7-am-am-Gmaj7-em7-am7-D6sus4-Gmaj7-am-am-Gmaj7-em7-Cmaj7-am7-Gmaj7-em7-D7sus4-G","http://www.hooktheory.com/theorytab/view/sheena-easton/for-your-eyes-only"
"237","Rick Springfield","Jessie's Girl","Intro","Dmaj","140","D-A-bm-G-A-D-D-A-bm-G-A-D-D-A-bm-G-A-D-D-A-bm-G-A-D-D-A-bm-G-A-D-D-A-bm-G-A-D","http://www.hooktheory.com/theorytab/view/rick-springfield/jessies-girl"
"238","Rick Springfield","Human Touch","Chorus","Dmaj","128","D-G-A-bm-G-em-A-D-A","http://www.hooktheory.com/theorytab/view/rick-springfield/human-touch"
"239","Pat Benatar","Invincible","Pre-Chorus","C#min","125","c#m-f#m7-c#m7-f#m7-c#m7-f#m7-c#m-E-f#m-A","http://www.hooktheory.com/theorytab/view/pat-benatar/invincible"
"240","Pat Benatar","Invincible","Chorus","C#min","127","c#m-A-B-c#m-A-B-c#m-A-B-c#m-d#m-E-f#sus4-g#m","http://www.hooktheory.com/theorytab/view/pat-benatar/invincible"
"241","Pat Benatar","Promises In The Dark","Intro","Fmaj","111","F-F-Bb-Bb-F-F-Bb-Bb","http://www.hooktheory.com/theorytab/view/pat-benatar/promises-in-the-dark"
"242","Pat Benatar","Hit Me With Your Best Shot","Intro","Emaj","240","E-A-A-c#m-c#m-B-B-B-E-A-A-c#m-c#m-B-B-A-A-B-B","http://www.hooktheory.com/theorytab/view/pat-benatar/hit-me-with-your-best-shot"
"243","Lionel Richie","Hello","Chorus","Amin","64","am-am-Fmaj7-A-dm-G-C-F-Bb-Esus4-E-am-E-am-E-dm-G-C-F-Bb-Esus4-E","http://www.hooktheory.com/theorytab/view/lionel-richie/hello"
"244","REO Speedwagon","Roll With The Changes","Verse","Cmix","187","C-C-F-F-Bb-F-C-C-C-C-F-F-Bb-F-C-C","http://www.hooktheory.com/theorytab/view/reo-speedwagon/roll-with-the-changes"
"245","REO Speedwagon","Roll With The Changes","Pre-Chorus","Cmix","188","Bb-Bb-dm-dm-C-C-C-dm7-C-Bb-Bb-dm-dm-C-C-F-C-F-C-C-Bb-Bb-dm-dm-C-C-C-dm7-C-G-C-G7-C-G7-G-C-G7-C-G7","http://www.hooktheory.com/theorytab/view/reo-speedwagon/roll-with-the-changes"
"246","REO Speedwagon","Can't Fight This Feeling","Verse","Amaj","78","A-bm-F#-Esus4-E-A-E-G-F#-bm-A-D-Esus4-E","http://www.hooktheory.com/theorytab/view/reo-speedwagon/cant-fight-this-feeling"
"247","REO Speedwagon","Can't Fight This Feeling","Pre-Chorus","Amaj","78","D-c#m-D-A-A-A-E-D-E-f#m-Esus4-Esus4-E-E-D-D","http://www.hooktheory.com/theorytab/view/reo-speedwagon/cant-fight-this-feeling"
"248","REO Speedwagon","Can't Fight This Feeling","Chorus","Amaj","78","A-bm-D-A-bm-D-A-bm-c#m-D-Esus4-E-E-D-D","http://www.hooktheory.com/theorytab/view/reo-speedwagon/cant-fight-this-feeling"
"249","Kenny Loggins","Footloose","Verse","Amaj","164","A-D-A-D-A-D-A-A-D-A","http://www.hooktheory.com/theorytab/view/kenny-loggins/footloose"
"250","Kenny Loggins","Footloose","Pre-Chorus","Amaj","175","D-d#o-E-F#-f-xo-E","http://www.hooktheory.com/theorytab/view/kenny-loggins/footloose"
"251","Kenny Loggins","Footloose","Chorus","Amaj","174","A-D-A-A-D-A-A-D-A-A-D-A","http://www.hooktheory.com/theorytab/view/kenny-loggins/footloose"
"252","Survivor","Eye Of The Tiger","Intro","Ebmaj","108","cm-Bb-cm-Bb-cm-cm-gm-Ab","http://www.hooktheory.com/theorytab/view/survivor/eye-of-the-tiger"
"253","Survivor","Eye Of The Tiger","Verse","Cmin","108","cm-cm-cm-Ab-cm-11-cm-cm-Ab-cm-11-cm","http://www.hooktheory.com/theorytab/view/survivor/eye-of-the-tiger"
"254","Survivor","Eye Of The Tiger","Chorus","Ebmaj","108","fm7-Eb-Bb-fm7-cm7-Bb-fm7-Eb-Bb-fm7-Eb-Ab-cm-cm","http://www.hooktheory.com/theorytab/view/survivor/eye-of-the-tiger"
"255","Destiny's Child","Survivor","Chorus","G#min","161","g#m-g#m-E-D#-g#m-g#m-E-D#-g#m","http://www.hooktheory.com/theorytab/view/destinys-child/survivor"
"256","David Hasselhoff","True Survivor","Pre-Chorus","Bmin","148","Gmaj7-A7-A-E-Gmaj7-A-bm-bsus2-bm-b7sus2-G-bsus2-bm-b7sus2-G-b7sus2-bm-b7sus2-bm-b7sus2-bm-G-bsus2-bm-f#m-G","http://www.hooktheory.com/theorytab/view/david-hasselhoff/true-survivor"
"257","Steve Jablonsky","Lone Survivor","Verse","Gmaj","128","em-C-G-C","http://www.hooktheory.com/theorytab/view/steve-jablonsky/lone-survivor"
"258","South Park","Princess Kenny","Intro","Amaj","162","A-D-E-f#m-c#m-D-E-D-bm7-bm7-E-f#m-D-A-bm-c#m-D-E","http://www.hooktheory.com/theorytab/view/south-park/princess-kenny"
"259","Prince","Breakfast Can Wait","Verse","Ebmaj","90","Eb-fm-Eb-fm-Ab-Bb-cm-Eb","http://www.hooktheory.com/theorytab/view/prince/breakfast-can-wait"
"260","Michiru Yamane","Castlevania SotN - The Tragic Prince","Verse","Gphr","121","gm-A7-Ab-gm-Eb-F-gm-A7-Ab-gm-Ab-Bb-gm-cm-Eb-Ab-Bb-gm-cm-Dsus4-D","http://www.hooktheory.com/theorytab/view/michiru-yamane/castlevania-sotn---the-tragic-prince"
"261","Michiru Yamane","Castlevania SotN - The Tragic Prince","Chorus","Gmin","120","gm-gm-Eb-D-D-D-D7-d7sus-b2-D-gm-gm-Eb-D-Bb-Ab-Ab","http://www.hooktheory.com/theorytab/view/michiru-yamane/castlevania-sotn---the-tragic-prince"
"262","Michiru Yamane","Castlevania SotN - The Tragic Prince","Solo","Gmin","120","gm-D-gm-C-Eb-gm-c#o-D-D-D-D-D","http://www.hooktheory.com/theorytab/view/michiru-yamane/castlevania-sotn---the-tragic-prince"
"263","Prince","Purple Rain","Verse","Bbmaj","113","B-bsus2-B-bsus2-gm7-gm7-F-F-E-b(add9)-E-b(add9)-B-bsus2-B-bsus2-gm7-gm7-F-F-Eb-dm-cm-Bb-Eb-dm-cm","http://www.hooktheory.com/theorytab/view/prince/purple-rain"
"264","Bobby Prince","Running From Evil - Doom II Soundtrack","Solo","Emin","204","em-C-c#o-em7-C-em-em-C-c#o-em7-C-em-am-F-f#o-am7-F-am-am-F-f#o-am7-F-am-em-C-c#o-em7-C-em-em-C-c#o-em7-C-em-gm-D-do-C-C-C-F-D-gm-D-do-C-em7-C-em-C-c#o-em7-C-em-em-C-c#o-em7-C-em","http://www.hooktheory.com/theorytab/view/bobby-prince/running-from-evil---doom-ii-soundtrack"
"265","ZUN","Septette for the Dead Princess","Intro","Cmin","143","cm-do-cm-do-cm-dm7(b5)-cm-dm(b5)-do-Ab-Bb-cm-do-cm-cm-Bb-Ab-cm-gm-F-fm-Eb-fm-G-Ab-Bb-cm-Ab-ao-Ab-cm-Ab-ao-Ab-cm-Ab-ao-Ab-cm-Ab-ao","http://www.hooktheory.com/theorytab/view/zun/septette-for-the-dead-princess"
"266","ZUN","Septette for the Dead Princess","Verse","Cmin","144","cm-Bb-Ab-cm-gm-F-fm-Eb-fm-G-Ab-Bb-cm-Bb-Ab-cm-gm-dm-fm-Eb-f7sus2-G-Ab-Bb","http://www.hooktheory.com/theorytab/view/zun/septette-for-the-dead-princess"
"267","ZUN","Septette for the Dead Princess","Pre-Chorus","D#min","144","B-C#-c-xo-d#m-B-C#-c-xo-A#","http://www.hooktheory.com/theorytab/view/zun/septette-for-the-dead-princess"
"268","ZUN","Septette for the Dead Princess","Chorus","Gmin","146","Eb-F-gm-C-Eb-F-gm","http://www.hooktheory.com/theorytab/view/zun/septette-for-the-dead-princess"
"269","Nintendo","Hyrule Field - Zelda Twilight Princess","Verse","Edor","143","em-A-em7-A-em-F-Bb-B-em-A-em7-A","http://www.hooktheory.com/theorytab/view/nintendo/hyrule-field---zelda-twilight-princess"
"270","Nintendo","Hyrule Field - Zelda Twilight Princess","Chorus","Bmin","143","bm-A-G-f#m-G-g#o-A-a#o-bm","http://www.hooktheory.com/theorytab/view/nintendo/hyrule-field---zelda-twilight-princess"
"271","Prince","If I Was Your Girlfriend","Verse","Dbmaj","96","b-bm7-fm7-b-bm7-fm7-b-bm7-fm7-b-bm7-fm7","http://www.hooktheory.com/theorytab/view/prince/if-i-was-your-girlfriend"
"272","ZUN","Kobito of the Shining Needle - Little Princess","Intro","Bmin","164","bm-bm-bm-bm-bm-bm-bm-cm-cm-cm-cm-cm-cm-cm-c#m-c#m-c#m-c#m-c#m-c#m-c#m-cm-cm-cm-cm-cm-cm-cm-bm-bm-bm-bm-bm-bm-bm-cm-cm-cm-cm-cm-cm-cm-c#m-c#m-c#m-c#m-c#m-c#m-c#m-dm-dm-dm-dm-dm-dm-dm","http://www.hooktheory.com/theorytab/view/zun/kobito-of-the-shining-needle---little-princess"
"273","ZUN","Kobito of the Shining Needle - Little Princess","Verse","C#min","164","c#m-A-B-G#-G#-c#m-A-B-c#sus4-c#m-c#m-B-A-f#m7-B-a#m-c#m-c#m-c#m-c#m-c#m-c#m-c#m-c#m-c#m-c#m-c#m-c#m-c#m-c#m-c#m-c#m-c#m-c#m-c#m-c#m-c#m-c#m-c#m-c#m-c#m-c#m-c#m-c#m","http://www.hooktheory.com/theorytab/view/zun/kobito-of-the-shining-needle---little-princess"
"274","John Williams","Han Solo And The Princess","Verse","Dbmaj","67","D-b(add9)-e-bm(b5)-Ebb-Db-D-b(add9)-Ebb-c-bm7-d-bm","http://www.hooktheory.com/theorytab/view/john-williams/han-solo-and-the-princess"
"275","Joe Hisaishi","Princess Mononoke Theme","Verse","Gmin","73","gm-gm-E-bmaj7-dm7-cm-F-Bb-A-bmaj7-am7-D7-gm-gm-E-bmaj7-dm7-cm-F-Bb-cm-F7-B-b(add9-)","http://www.hooktheory.com/theorytab/view/joe-hisaishi/princess-mononoke-theme"
"276","Nintendo","Elder Princess Shroob Battle","Intro","Cmin","102","cm-gm-Bb7-G-Ab-Bb-fsus2-fm-Ab-Bb-fsus2-fm","http://www.hooktheory.com/theorytab/view/nintendo/elder-princess-shroob-battle"
"277","John Williams","Princess Leia's Theme","Verse","Dmaj","72","D-em(b5)-D-em(b5)-Eb-E-E-d#m-Bb-B-b(add9)-B-b6-gm-em7(b5)-A","http://www.hooktheory.com/theorytab/view/john-williams/princess-leias-theme"
"278","ZUN","Because Princess Inada Is Scolding Me","Intro","Cmin","160","cm-Ab-Bb-cm-cm-Ab-Bb-cm-e-bm-Cb-Db-do-e-bm-Cb-Db-Bb7","http://www.hooktheory.com/theorytab/view/zun/because-princess-inada-is-scolding-me"
"279","ZUN","Because Princess Inada Is Scolding Me","Verse","F#min","160","D-E-f#m-D-E-d#m-D-E-bm-C#-D-E-f#m-D-E-f#m-D-E-d#m-D-E-bm-C#-D-E-d#m","http://www.hooktheory.com/theorytab/view/zun/because-princess-inada-is-scolding-me"
"280","ZUN","Because Princess Inada Is Scolding Me","Outro","D#min","160","d#m-B-C#-d#m-B-C#","http://www.hooktheory.com/theorytab/view/zun/because-princess-inada-is-scolding-me"
"281","Ponyphonic","Lullaby for a Princess","Intro","Ebmaj","61","Eb-fm(b5)-Eb-fm(b5)-E-b(add9)-C-b(add9)-a-bm","http://www.hooktheory.com/theorytab/view/ponyphonic/lullaby-for-a-princess"
"282","Wan Wan","The Princess That Was Erased From History","Intro","D#min","161","d#m-a#m-Bmaj7-A#-d#m-a#m-Bmaj7-A#","http://www.hooktheory.com/theorytab/view/wan-wan/the-princess-that-was-erased-from-history"
"283","Wan Wan","The Princess That Was Erased From History","Verse","D#min","161","d#m-C#-d#m-a#m-g#m-g#m-A#-A#-d#m-C#-F#-b#m7(b5)-B-a#m-d#m-d#m-C#-d#m-a#m-g#m-A#-d#m-A#-F#-b#m7(b5)-B-a#m-a#m-d#m","http://www.hooktheory.com/theorytab/view/wan-wan/the-princess-that-was-erased-from-history"
"284","Prince","1999","Chorus","Fmaj","128","Bb-dm7-F-Bb-Bb-Bb-Bb-Bb-F-Bb-F-Bb-dm7-F-Bb-Bb-Bb-Bb-Bb-F-Bb-F","http://www.hooktheory.com/theorytab/view/prince/1999"
"285","Mason vs Princess Superstar","Perfect Exceeder","Chorus","Dbmaj","128","Bb-Gb-Fb-Db-Bb-Gb-Fb-Db","http://www.hooktheory.com/theorytab/view/mason-vs-princess-superstar/perfect-exceeder"
"286","Kazumi Totaka","Kaeru no Tame ni - The Prince's Adventure","Intro","Gmaj","150","F-G7-em7-am7-am-D7-bm7-em7-bm-am7","http://www.hooktheory.com/theorytab/view/kazumi-totaka/kaeru-no-tame-ni---the-princes-adventure"
"287","Kazumi Totaka","Kaeru no Tame ni - The Prince's Adventure","Verse","Gmaj","150","G-A7-am-B-G-em-am-D-G-G-A7-am-B-G-em-am-D-G-G-am-a#o-bm","http://www.hooktheory.com/theorytab/view/kazumi-totaka/kaeru-no-tame-ni---the-princes-adventure"
"288","Kazumi Totaka","Kaeru no Tame ni - The Prince's Adventure","Chorus","Gmaj","152","D7-G-Eb-dm-gm7-F#-F7-Eb-D","http://www.hooktheory.com/theorytab/view/kazumi-totaka/kaeru-no-tame-ni---the-princes-adventure"
"289","Kazumi Totaka","Kaeru no Tame ni - The Prince's Adventure","Bridge","Gmaj","150","am7-G(add9)-A7-bm-g#o-A-f#m7-bm-E-a7sus2-A7-D7sus2-D7","http://www.hooktheory.com/theorytab/view/kazumi-totaka/kaeru-no-tame-ni---the-princes-adventure"
"290","Allstar Weekend","Hey Princess","Chorus","Ebmaj","160","Eb-Bb-fm-Ab-Eb-gm-cm-Ab-Db-Ab","http://www.hooktheory.com/theorytab/view/allstar-weekend/hey-princess"
"291","Prince","I Am A Prince","Chorus","Cmaj","128","am-G-C-dm-am-G-F-G-Ab","http://www.hooktheory.com/theorytab/view/lazytown/i-am-a-prince"
"292","Prince","Maniacal Princess","Intro","Dmin","148","dm-C-Bb-A","http://www.hooktheory.com/theorytab/view/zun/maniacal-princess"
"293","Prince","Maniacal Princess","Verse","Bbmin","156","b-bm-Ab-Gb-Ab","http://www.hooktheory.com/theorytab/view/zun/maniacal-princess"
"294","Prince","Maniacal Princess","Pre-Chorus","G#min","128","F#-g#sus2-g#sus2","http://www.hooktheory.com/theorytab/view/zun/maniacal-princess"
"295","Prince","Maniacal Princess","Chorus","Bmin","161","G-A-bm-A-G-A-bm-A-G-A-bm-A-G-A-bm-G-A-bm-A-G-A-bm-A-G-A-bm-A-G-A-bm","http://www.hooktheory.com/theorytab/view/zun/maniacal-princess"
"296","Disney","DOLPHIN","Solo","Gmaj","128","G-D-C-bm-am-bm-C-D-em7-D-C-bm-am-bm-C-D-G","http://www.hooktheory.com/theorytab/view/prince/dolphin"
"297","Prince","Princesa","Verse","Dmaj","124","bm-A-G-F#7-bm-A-G-Cmaj7-bm-A-G-F#7-bm-A-G-Cmaj7-Cmaj7","http://www.hooktheory.com/theorytab/view/carne-doce/princesa"
"298","Prince","Princesa","Chorus","Dmaj","124","em7-A-D6-G-G-A-em7-em7-em7-A-D6-G-G-A-em7-em7","http://www.hooktheory.com/theorytab/view/carne-doce/princesa"
"299","LazyTown","U Got The Look","Chorus","Bmin","120","bm-bm-bm-bm-bm-bm-bm-bm-bm-bm-e7sus2-e7sus2-e7sus2-e7sus2-e7sus2-e7sus2-bm-bm-bm-bm-bm-bm-F#-F#-F#-F#-F#-F#","http://www.hooktheory.com/theorytab/view/prince/u-got-the-look"
"300","ZUN","Nothing Compares 2 U","Verse","Bmaj","60","B-F#-g#m7-d#m-E-F#-F#7-B-F#-g#m7-d#m-E-F#-F#7","http://www.hooktheory.com/theorytab/view/prince/nothing-compares-2-u"
"301","PRINCE","Prince Ali - Aladdin","Chorus","Bbmin","190","F7-b-bm-G-b7-F7-b-bm-F7-b-bm-b-bm-Bb7-Bb7-e-bm-Bb7-e-bm-cm7(b5)-F7-b-bm-D-b7-Gb-C7-C7-F7-Eb-a-bm6-F7","http://www.hooktheory.com/theorytab/view/disney/prince-ali---aladdin"
"302","Carne Doce","I Would Die 4 U","Chorus","Dmaj","136","Gmaj9-f#m7-D-f#m7-D-Asus4-A-Gmaj9-f#m7-D-f#m7-D-Asus4-A","http://www.hooktheory.com/theorytab/view/prince/i-would-die-4-u"
"303","Air Supply","All Out Of Love","Verse","Cmaj","105","F-C-F-C-F-G-am-Fmaj7","http://www.hooktheory.com/theorytab/view/air-supply/all-out-of-love"
"304","Air Supply","All Out Of Love","Chorus","Cmaj","105","C-G-am-F-G","http://www.hooktheory.com/theorytab/view/air-supply/all-out-of-love"
"305","Air Supply","All Out Of Love","Bridge","Cmaj","105","am-em-F-F-em-dm-am-em-F-F-em","http://www.hooktheory.com/theorytab/view/air-supply/all-out-of-love"
"306","Air Supply","Making Love Out Of Nothing At All","Intro","Gmaj","72","G-G-em-em-C-D","http://www.hooktheory.com/theorytab/view/air-supply/making-love-out-of-nothing-at-all"
"307","Air Supply","Making Love Out Of Nothing At All","Verse","Gmaj","72","G-bm-em-em-C-D-C(add9)-G-bm-em-em-C-D-C(add9-)","http://www.hooktheory.com/theorytab/view/air-supply/making-love-out-of-nothing-at-all"
"308","Stevie Wonder","Sir Duke","Verse","Bmaj","104","B-g#m-G-F#-B-g#m-G-F#-e#o","http://www.hooktheory.com/theorytab/view/stevie-wonder/sir-duke"
"309","Stevie Wonder","Sir Duke","Pre-Chorus","Bmaj","106","E7-D#7-D7-C#7-D7-D#7-E7-E7-D#7-D7-C#7-D7-D#7-E7-F-F#7-Bmaj7-e#m7-Emaj7-d#m7-c#m7-F#7sus4-Bmaj7-e#m7-Emaj7-d#m7-c#m7-F#7sus4","http://www.hooktheory.com/theorytab/view/stevie-wonder/sir-duke"
"310","Stevie Wonder","Sir Duke","Solo","Bmaj","108","B","http://www.hooktheory.com/theorytab/view/stevie-wonder/sir-duke"
"311","Stevie Wonder","Superstition","Intro","D#min","178","d#m7","http://www.hooktheory.com/theorytab/view/stevie-wonder/superstition"
"312","Stevie Wonder","Superstition","Chorus","D#min","106","A#7-B7-A#7-A7-G#7-A#7-A#7-d#m7-d#m7","http://www.hooktheory.com/theorytab/view/stevie-wonder/superstition"
"313","Stevie Wonder","My Cheri Amour","Intro","Dbmaj","128","G-bmaj7-C-bmaj7-D-bmaj7-G-bmaj7-C-bmaj7-D-bmaj7","http://www.hooktheory.com/theorytab/view/stevie-wonder/my-cheri-amour"
"314","Stevie Wonder","My Cheri Amour","Verse","Dbmaj","106","D-bmaj7-G-b7sus4-C-bmaj7-A-b7sus4-A-b7-D-bmaj7-G-b7sus4-C-bmaj7-A-b7sus4-A-b7-G-bmaj7-b-bm-fm7(b5)-Bb7-E-b7-A-b7-D-bmaj7-D-bmaj7","http://www.hooktheory.com/theorytab/view/stevie-wonder/my-cheri-amour"
"315","Stevie Wonder","Boogie On Reggae Woman","Verse","Abmaj","108","Ab-Ab-Db-Db-Bb7-E-b7-Ab-Ab","http://www.hooktheory.com/theorytab/view/stevie-wonder/boogie-on-reggae-woman"
"316","Stevie Wonder","Boogie On Reggae Woman","Chorus","Abmaj","106","Ab-A-b7-Bb7-Db-G-b7-G-b7-Bb7-E-b7-Ab","http://www.hooktheory.com/theorytab/view/stevie-wonder/boogie-on-reggae-woman"
"317","Stevie Wonder","Ribbon In The Sky","Intro","Dbmaj","70","e-bm7-fm7-e-bm7-fm7-A-b(add9)-e-bm7-e-bm6-e-bm7-fm7-fsus4-e-bm7-e-bm6-e-bm7-fm7-A-b(add9)-e-bm7-e-bm6-e-bm7-fm7-fsus4-e-bm7-A-bsus4-C-bmaj7-e-bm7-fm7-fsus4-e-bm7-fm7-fsus4-e-bm7-fm7-fsus4-e-bm7-A-bsus4-C-bmaj7-e-bm7-fm7-fsus4-e-bm7-fm7-fsus4-e-bm7-fm7-fsus4-e-bm7-A-bsus4-Db-e-bm7-fm7-fsus4-e-bm7-fm7-fsus4-e-bm7-fm7-fsus4-e-bm7-A-bsus4-Bbb","http://www.hooktheory.com/theorytab/view/stevie-wonder/ribbon-in-the-sky"
"318","Stevie Wonder","Ribbon In The Sky","Outro","Ebmaj","68","fm7-gm7-gsus4-fm7-gm7-gsus4-fm7-gm7-gsus4-fm7-B-bsus4-B-b6-C7-fm7-B-bsus4-fm7-gm7-gsus4-fm7-gm7-gsus4-fm7-gm7-gsus4-fm7-B-bsus4-B-bsus4-E-b(add9)-E-b(add9-)","http://www.hooktheory.com/theorytab/view/stevie-wonder/ribbon-in-the-sky"
"319","Stevie Wonder","Livin For The City","Verse","F#maj","93","F#-F#-g#m-f#m7-f#m7-g#m-g#m-F#-F#-F#-g#m-f#m7-f#m7-g#m-g#m-F#-F#-F#-g#m-f#m7-f#m7-g#m-g#m-F#-F#-F#-g#m-f#m7-f#m7-g#m-g#m-F#-B6-C#6-C#7-F#-F#-g#m-f#m7-f#m7-g#m-g#m-F#","http://www.hooktheory.com/theorytab/view/stevie-wonder/livin-for-the-city"
"320","Stevie Wonder","Livin For The City","Bridge","F#maj","104","F#7-d#m7(b5)-D-B#-B#7-A-G-F#-F#","http://www.hooktheory.com/theorytab/view/stevie-wonder/livin-for-the-city"
"321","Stevie Wonder","Think Of Me As Your Soldier","Intro","Ebmaj","78","E-bmaj7-E-b7-Ab-a-bm-E-bmaj7-E-b7-Ab-a-bm","http://www.hooktheory.com/theorytab/view/stevie-wonder/think-of-me-as-your-soldier"
"322","Stevie Wonder","Think Of Me As Your Soldier","Verse","Ebmaj","78","E-bmaj7-a-bm-fo-E-b(add9)-fo-a-bm-fo-Eb-cm(add9)-cm-gm-C7-f7sus4-B-bsus4","http://www.hooktheory.com/theorytab/view/stevie-wonder/think-of-me-as-your-soldier"
"323","Stevie Wonder","Think Of Me As Your Soldier","Bridge","Ebmaj","78","Ab-E-bmaj7-Ab-Eb-cm7(b5)-F-Bb-gm-cm-F-B-bsus4-Bb","http://www.hooktheory.com/theorytab/view/stevie-wonder/think-of-me-as-your-soldier"
"324","Stevie Wonder","I Wish","Pre-Chorus","Ebdor","105","Bb-C7-fm7-a-bm-Bb-C7-fm7-Bb7-e-bm7-A-b7-e-bm7-A-b7-e-bm7-A-b7-e-bm7-A-b7","http://www.hooktheory.com/theorytab/view/stevie-wonder/i-wish"
"325","Stevie Wonder","You Are The Sunshine Of My Life","Verse","Bmaj","128","B-F#7-d#m7-G#7-c#m7-F#7sus4-B-c#m7-F#7sus4","http://www.hooktheory.com/theorytab/view/stevie-wonder/you-are-the-sunshine-of-my-life"
"326","Stevie Wonder","You Are The Sunshine Of My Life","Bridge","Bmaj","133","B(add9)-E(add9)-F#7sus4-B(add9)-E(add9)-F#7sus4-B(add9)-E(add9)-F#7sus4-a#m7(b5)-D#7-G#maj7-C#maj7-D#7sus4-g#m7-C#7-F#7","http://www.hooktheory.com/theorytab/view/stevie-wonder/you-are-the-sunshine-of-my-life"
"327","Stevie Wonder","For Once In My Life","Verse","Fmaj","108","F-F6-D7-gm-gm7-gm-gm7-C7-F-C-F-F-F-B-bmaj7-B-b6-am-am7-dm7-gm7-am7-B-bmaj7-em7-E-b7-D7-gm7-C7","http://www.hooktheory.com/theorytab/view/stevie-wonder/for-once-in-my-life"
"328","Stevie Wonder","Isn't She Lovely","Chorus","Emaj","121","c#m7-F#7-B7sus4-E-c#m7-F#7-B7sus4-E-c#m7-F#7-B7sus4-E-Amaj7-G#7-c#m7-F#7-B7sus4-E","http://www.hooktheory.com/theorytab/view/stevie-wonder/isnt-she-lovely"
"329","Stevie Wonder","Love's In Need of Love Today","Verse","Ebmaj","99","Eb-eo-fm7-Ab-fm7-Ab-A-bmaj7-gm7-fm7-Bb7-Eb-eo-fm7-Ab-fm7-Ab-A-bmaj7-gm7-fm7-Bb7","http://www.hooktheory.com/theorytab/view/stevie-wonder/loves-in-need-of-love-today"
"330","Stevie Wonder","Love's In Need of Love Today","Chorus","Ebmaj","99","Eb-cm-gm7-gm7-fm-fm-cm-Bb-Eb-cm-gm7-gm7-fm-fm-cm-Bb","http://www.hooktheory.com/theorytab/view/stevie-wonder/loves-in-need-of-love-today"
"331","Stevie Wonder","Overjoyed","Intro","Ebmaj","85","D-b6-C7-C-bmaj7-C7-D-b6-C7-C-bmaj7-Bb","http://www.hooktheory.com/theorytab/view/stevie-wonder/overjoyed"
"332","Stevie Wonder","As","Verse","Bmaj","98","Bmaj7-B7-Emaj7-Bmaj7-Amaj7-Bmaj7-B7-Emaj7-g#m7-a#m7-D#7-g#m7-g#m6-c#m-F#7","http://www.hooktheory.com/theorytab/view/stevie-wonder/as"
"333","Stevie Wonder","As","Chorus","Bmaj","100","g#m-D#-B6-C#7-g#m-D#-B6-C#7-g#m-D#-B6-C#7-g#m-D#-B6-E#9-Emaj7","http://www.hooktheory.com/theorytab/view/stevie-wonder/as"
"334","Diana Ross","It's Your Move","Chorus","Emin","118","am7-bm7-am7-bm7-am7-bm7-F#7-B7sus4-B7-C-C-C-D-D","http://www.hooktheory.com/theorytab/view/diana-ross/its-your-move"
"335","Diana Ross","If We Hold On Together","Verse","Cmaj","66","C-F-G","http://www.hooktheory.com/theorytab/view/diana-ross/if-we-hold-on-together"
"336","Diana Ross","If We Hold On Together","Pre-Chorus","Cmaj","66","am-C-am-em-F-C-G","http://www.hooktheory.com/theorytab/view/diana-ross/if-we-hold-on-together"
"337","Diana Ross","If We Hold On Together","Chorus","Cmaj","70","C-em-F-G-C-em-F-G-C-em-F-G-am-dm-C-am-dm-C","http://www.hooktheory.com/theorytab/view/diana-ross/if-we-hold-on-together"
"338","Diana Ross","Upside Down","Chorus","Gdor","108","gm-gm-gm-Bb-C-F-F-gm-gm-gm-bm-C-F-F-gm-gm-gm-Bb-C-F-F-gm-gm-gm-bm-C-F-F-gm-gm-Eb-eo","http://www.hooktheory.com/theorytab/view/diana-ross/upside-down"
"339","Duran Duran","Ordinary World","Intro","Bmix","70","B-f#m7-D(add9)-A(add9)-E-A-E-B-f#m7-D(add9)-A(add9)-am(add9-)","http://www.hooktheory.com/theorytab/view/duran-duran/ordinary-world"
"340","Duran Duran","Ordinary World","Verse","C#min","70","c#m7-Emaj7-F#sus4-c#m7-Emaj7-F#sus4-c#m7-Emaj7-F#sus4-c#m7-Emaj7-F#sus4","http://www.hooktheory.com/theorytab/view/duran-duran/ordinary-world"
"341","Duran Duran","Ordinary World","Pre-Chorus","Bmix","70","c#m-g#m-D#7-E-A-E","http://www.hooktheory.com/theorytab/view/duran-duran/ordinary-world"
"342","Duran Duran","Ordinary World","Chorus","Bmix","70","B-f#m7-D(add9)-A(add9)-E-A-E-B-f#m7-D(add9)-A(add9)-am(add9-)","http://www.hooktheory.com/theorytab/view/duran-duran/ordinary-world"
"343","Duran Duran","Ordinary World","Instrumental","C#dor","70","c#m7-Emaj7-F#sus4","http://www.hooktheory.com/theorytab/view/duran-duran/ordinary-world"
"344","Duran Duran","Rio","Verse","Emin","142","em-em-C-C-am7-am7-C-C-em-em-C-C-Amaj7-Amaj7-C-C","http://www.hooktheory.com/theorytab/view/duran-duran/rio"
"345","Duran Duran","Rio","Chorus","Emaj","138","E-B-D-A-E-B-D-A-E-B-D-A-E-B-D-A","http://www.hooktheory.com/theorytab/view/duran-duran/rio"
"346","Duran Duran","Hungry Like The Wolf","Verse","Emix","130","E-E-E-E-D-D-E-E-E-E-E-E-D-D-E-E","http://www.hooktheory.com/theorytab/view/duran-duran/hungry-like-the-wolf"
"347","Duran Duran","Hungry Like The Wolf","Chorus","Cmaj","128","C-G-F-F-C-G-F-D-C-G-F-F-C-G-F-D","http://www.hooktheory.com/theorytab/view/duran-duran/hungry-like-the-wolf"
"348","Duran Duran","Save A Prayer","Intro","Dmin","114","dm-F-B-bmaj7-G-F-dm-F-B-bmaj7-G-C","http://www.hooktheory.com/theorytab/view/duran-duran/save-a-prayer"
"349","Duran Duran","Save A Prayer","Verse","Dmin","114","dm-F-B-bmaj7-G-F-dm-F-B-bmaj7-G-C-dm-F-B-bmaj7-G-C-dm-F-B-bmaj7-G-C","http://www.hooktheory.com/theorytab/view/duran-duran/save-a-prayer"
"350","Duran Duran","Come Undone","Verse","Cmin","87","cm-Bb-Ab-Bb-cm-Bb-Ab-Bb-cm-Bb-Ab-Bb-cm-Bb-Ab-Bb","http://www.hooktheory.com/theorytab/view/duran-duran/come-undone"
"351","Duran Duran","Come Undone","Pre-Chorus","Cmin","86","Ab-Ab-G-G-fm-fm-Bb-gm-Bb-cm-Eb-Ab-Bb-cm-Eb-Ab-Bb","http://www.hooktheory.com/theorytab/view/duran-duran/come-undone"
"352","Duran Duran","Is There Something I Should Know","Intro","Dmix","124","D7-D7-D7-D7-D7-D7-G-C","http://www.hooktheory.com/theorytab/view/duran-duran/is-there-something-i-should-know"
"353","Duran Duran","Is There Something I Should Know","Pre-Chorus","Gmix","120","G-C-D-D-G-C-F-C","http://www.hooktheory.com/theorytab/view/duran-duran/is-there-something-i-should-know"
"354","Duran Duran","Is There Something I Should Know","Chorus","Dmix","124","D-D-D-D-F-F-F-F-C-asus4-asus4-asus4-asus4-Gsus4-Gsus4-Gsus4-Gsus4-G-D-D-D-D-F-F-F-F-C-asus4-asus4-A-Gsus4-Gsus4-Gsus4-Gsus4-G","http://www.hooktheory.com/theorytab/view/duran-duran/is-there-something-i-should-know"
"355","Duran Duran","Planet Earth","Intro","Dmin","133","dm-dm-F-F-dm-dm-F-F","http://www.hooktheory.com/theorytab/view/duran-duran/planet-earth"
"356","Duran Duran","Planet Earth","Verse","Dmin","133","dm-dm-F-C-dm-dm-F-C-dm-dm-F-C-dm-dm-F-C","http://www.hooktheory.com/theorytab/view/duran-duran/planet-earth"
"357","Duran Duran","Planet Earth","Chorus","Emin","133","em-Gmaj7-A-C-em-Gmaj7-A-C-em-Gmaj7-A-C","http://www.hooktheory.com/theorytab/view/duran-duran/planet-earth"
"358","Duran Duran","Planet Earth","Bridge","Ddor","133","dm-dm-F-C-dm-dm-F-C","http://www.hooktheory.com/theorytab/view/duran-duran/planet-earth"
"359","Duran Duran","Girls on Film","Verse","Ador","133","am-G-D-C-am-G-D-C-am-G-D-C-am-G-D-C-am-G-D-C-am-G-D-C-am-G-D-C-am-G-D-C","http://www.hooktheory.com/theorytab/view/duran-duran/girls-on-film"
"360","Duran Duran","Girls on Film","Chorus","Ador","133","am-em-D-em-C-am-am-em-D-em-C-am-am","http://www.hooktheory.com/theorytab/view/duran-duran/girls-on-film"
"361","Grimes","Genesis","Instrumental","F#maj","166","F#-a#m-C#-F#-F#-a#m-C#-F#","http://www.hooktheory.com/theorytab/view/grimes/genesis"
"362","Genesis","Scenes From A Night's Dream","Verse","Ebmaj","118","Eb-E-bsus2-Ab-E-bsus2-Eb-E-bsus2-E-bsus2sus4-Ab-Eb-E-bsus2-Ab-E-bsus2-Db-Ab-Eb-Bb-Eb-E-bsus2-Ab-E-bsus2-Eb-E-bsus2-E-bsus2sus4-Ab-Eb-E-bsus2-Ab-E-bsus2-Db-Ab-Eb-Bb","http://www.hooktheory.com/theorytab/view/genesis/scenes-from-a-nights-dream"
"363","Genesis","Scenes From A Night's Dream","Chorus","Amin","118","F-G-am-F-G-am-F-G-am-Bb-Db-Ab","http://www.hooktheory.com/theorytab/view/genesis/scenes-from-a-nights-dream"
"364","Genesis","Watcher Of The Skies","Intro","D#min","80","d#m-F#maj7sus2-d#m-F#maj7sus2-d#m-F#maj7sus2-A#-e#m7-a#m7-G-C-F#-bm7-am7-c#m-g#m-F#-E-bm-C-g#m-C#-g#m-C#-a#m-D#-a#m-D#-b#m-E#-b#m-E#-g#m","http://www.hooktheory.com/theorytab/view/genesis/watcher-of-the-skies"
"365","Yoko Takahashi","Neon Genesis Evangelion - Soul's Refrain","Verse","G#min","130","c#m7-g#m-c#m7-g#m7-f#m7-c#m-d#m-E-F#7-D#sus4-D#7","http://www.hooktheory.com/theorytab/view/yoko-takahashi/neon-genesis-evangelion---souls-refrain"
"366","Yoko Takahashi","Neon Genesis Evangelion - Soul's Refrain","Chorus","G#min","130","D#7-g#m-d#m-E-d#m-c#m-F#-B-D#-D#-g#m-d#m-E-d#m-a#m-D#-g#m-d#m-E-E-F#-g#m","http://www.hooktheory.com/theorytab/view/yoko-takahashi/neon-genesis-evangelion---souls-refrain"
"367","Shiro Sagisu","Neon Genesis Evangelion - Decisive Battle","Verse","Ephr","150","E-b7(b5-)sus-b2-em7-b7(b5-)sus-b2-E-b7(b5-)sus-b2-em7-b7(b5-)sus-b2","http://www.hooktheory.com/theorytab/view/shiro-sagisu/neon-genesis-evangelion---decisive-battle"
"368","Pendulum","Genesis","Instrumental","Fdor","98","fm-am-fm-am-Ab-Ab-fm-G-Ab-Bb-fm-G-G-Ab-Bb-fm-G-Ab-Bb-fm-G-Ab-Bb","http://www.hooktheory.com/theorytab/view/pendulum/genesis"
"369","Ridiculon","Genesis 22-10","Intro","Gmin","130","gm-E-bmaj7-gm-gm(add9)-gm-Eb-cm-gm7-am(b5)-cm-D-D7","http://www.hooktheory.com/theorytab/view/ridiculon/genesis-22-10"
"370","Genesis","Many Too Many","Intro","C#min","63","c#m-c#m-g#m-g#m-f#m7-f#m7-g#m-g#m-c#m-c#m-g#m-g#m-f#m7-f#m7-g#m-g#m-c#m-c#m-g#m-g#m-f#m7-f#m7-g#m-g#m-F#-F#-C#-C#-d#m-d#m-G-G-F#-F#-F#-F#-c#m-c#m-g#m-g#m-f#m7-f#m7-g#m-g#m-c#m-c#m-g#m-g#m-f#m7-f#m7-g#m-g#m-F#-F#-C#-C#-d#m-d#m-G-G-D-D-G-G-D-D-G-G-D-D-G-G-D-D-G-G","http://www.hooktheory.com/theorytab/view/genesis/many-too-many"
"371","Muse","Exogenesis","Verse","Dmin","60","dm-A-gm-dm-C(add9)-gm-C(add9)-gm-A-ao-gm-c#o","http://www.hooktheory.com/theorytab/view/muse/exogenesis"
"372","Muse","Exogenesis","Chorus","Cmin","74","cm-G-cm-fm-cm-G-cm-G7-cm-fm-cm-G-G-G7-Eb-Bb-Eb-Ab-Eb-G-G7-Eb-Bb-Eb-Ab-Eb-G-G7","http://www.hooktheory.com/theorytab/view/muse/exogenesis"
"373","Muse","Exogenesis","Instrumental","Gmaj","84","G-B-em-C-G-Dsus4-Csus2-Gmaj7-Dsus4-G","http://www.hooktheory.com/theorytab/view/muse/exogenesis"
"374","TheFatRat","Xenogenesis","Intro","Bbmaj","148","Bb-Gb-Eb-e-bm7-A-b6-Bb-Gb-Eb-bbm7-A-b6-Bb-Gb-Eb-e-bm7-A-b6-Bb-Gb-Eb-bbm7-A-b6","http://www.hooktheory.com/theorytab/view/thefatrat/xenogenesis"
"375","Celine Dion","My Heart Will Go On","Verse","Ebmaj","99","Eb-Ab-A-bsus2-Eb-Bb-Eb-Bb-A-bsus2-Ab-Eb","http://www.hooktheory.com/theorytab/view/celine-dion/my-heart-will-go-on"
"376","Celine Dion","My Heart Will Go On","Chorus","Abmaj","89","b-bm-fm-Db-Eb-fm-Eb-Db-go-Ab-Eb-Ab","http://www.hooktheory.com/theorytab/view/celine-dion/my-heart-will-go-on"
"377","Christina Perri","Jar Of Hearts","Chorus","Ebmaj","84","Eb-Bb-cm-Ab-a-bm-Eb-Bb-cm-Ab-a-bm-Eb-Eb-gm","http://www.hooktheory.com/theorytab/view/christina-perri/jar-of-hearts"
"378","Christina Perri","Jar Of Hearts","Bridge","Ebmaj","75","cm-G-cm-F-cm-G-cm-F-cm-G-cm-F-cm-G-cm-F-Ab-G","http://www.hooktheory.com/theorytab/view/christina-perri/jar-of-hearts"
"379","Sia","Elastic Heart","Intro","F#min","128","D-A-E-f#m","http://www.hooktheory.com/theorytab/view/sia/elastic-heart"
"380","Sia","Elastic Heart","Verse","F#min","130","D-A-E-f#m-D-A-E-f#m-D-A-E-f#m-D-A-E-f#m","http://www.hooktheory.com/theorytab/view/sia/elastic-heart"
"381","Sia","Elastic Heart","Pre-Chorus","F#min","130","D-A-E-f#m-D-A-E-f#m","http://www.hooktheory.com/theorytab/view/sia/elastic-heart"
"382","Sia","Elastic Heart","Chorus","F#min","130","D-A-E-f#m-D-A-E-f#m","http://www.hooktheory.com/theorytab/view/sia/elastic-heart"
"383","Sia","Elastic Heart","Chorus","Cmaj","120","","http://www.hooktheory.com/theorytab/view/sia/elastic-heart"
"384","Bonnie Tyler","Total Eclipse of the Heart","Verse","Abmaj","64","b-bm-Ab-bbm-Ab","http://www.hooktheory.com/theorytab/view/bonnie-tyler/total-eclipse-of-the-heart"
"385","Bonnie Tyler","Total Eclipse of the Heart","Verse","C#mix","64","C#-B-C#-B","http://www.hooktheory.com/theorytab/view/bonnie-tyler/total-eclipse-of-the-heart"
"386","Bonnie Tyler","Total Eclipse of the Heart","Pre-Chorus","Emaj","66","E-E-A-A-E-E-A","http://www.hooktheory.com/theorytab/view/bonnie-tyler/total-eclipse-of-the-heart"
"387","Bonnie Tyler","Total Eclipse of the Heart","Pre-Chorus","Abmaj","66","Ab-fm-Db-Eb-Ab-fm-Db-Eb-Ab-fm-Db-Eb","http://www.hooktheory.com/theorytab/view/bonnie-tyler/total-eclipse-of-the-heart"
"388","Bonnie Tyler","Total Eclipse of the Heart","Chorus","Abmaj","66","Db-Eb-fm-Bb-Ab-Eb-fm-Bb","http://www.hooktheory.com/theorytab/view/bonnie-tyler/total-eclipse-of-the-heart"
"389","Bonnie Tyler","Total Eclipse of the Heart","Chorus","Abmaj","66","Ab-Eb-Ab-Db-Eb","http://www.hooktheory.com/theorytab/view/bonnie-tyler/total-eclipse-of-the-heart"
"390","Bonnie Tyler","Total Eclipse of the Heart","Outro","Abmaj","65","Ab-fm-cm-Db-Db-Db-bbm7-E-b7-Ab-fm-Db-Db-Eb-Eb-Ab-fm-C-Db-Db-Db-bbm-Eb-Ab","http://www.hooktheory.com/theorytab/view/bonnie-tyler/total-eclipse-of-the-heart"
"391","Two Steps from Hell","Heart of Courage","Intro","Bbmin","135","b-bm-Db-A-bsus4-Ab-e-bm-b-bm-Db-A-bsus4-Ab-e-bm-b-bm-Db-A-bsus4-Ab-e-bm-b-bm-Fsus4-F","http://www.hooktheory.com/theorytab/view/two-steps-from-hell/heart-of-courage"
"392","Two Steps from Hell","Heart of Courage","Verse","Bbmin","135","b-bm-Db-Ab-e-bm-b-bm-Db-Ab-e-bm","http://www.hooktheory.com/theorytab/view/two-steps-from-hell/heart-of-courage"
"393","Two Steps from Hell","Heart of Courage","Pre-Chorus","Bbmin","135","b-bm-Db-Ab-e-bm-b-bm-Db-Ab-e-bm-b-bm-Db-Ab-e-bm-b-bm-Db-Ab-e-bm","http://www.hooktheory.com/theorytab/view/two-steps-from-hell/heart-of-courage"
"394","Two Steps from Hell","Heart of Courage","Chorus","D#min","135","d#m-F#-C#-g#m-d#m-F#-C#-g#m-d#m-F#-C#-g#m-d#m-F#-C#-g#m","http://www.hooktheory.com/theorytab/view/two-steps-from-hell/heart-of-courage"
"395","Demi Lovato","Heart Attack","Verse","Abmaj","90","Db-Ab-Eb-fm-Db-Ab-Eb-fm-Db-Ab-Eb-fm-Db-Ab-Eb-fm","http://www.hooktheory.com/theorytab/view/demi-lovato/heart-attack"
"396","Toni Braxton","Unbreak My Heart","Chorus","Dmin","56","dm-gm7-C-A7-dm-gm7-C-A7","http://www.hooktheory.com/theorytab/view/toni-braxton/unbreak-my-heart"
"397","Nirvana","Heart Shaped Box","Verse","G#dor","100","g#m-E-C#7-g#m-E-C#7","http://www.hooktheory.com/theorytab/view/nirvana/heart-shaped-box"
"398","Nirvana","Heart Shaped Box","Chorus","G#dor","200","g#m-g#m-E-E-C#7-C#-g#m-E-C#7","http://www.hooktheory.com/theorytab/view/nirvana/heart-shaped-box"
"399","Nirvana","Heart Shaped Box","Chorus","G#dor","196","E-E-C#7-C#7-E-E-C#7-C#7","http://www.hooktheory.com/theorytab/view/nirvana/heart-shaped-box"
"400","Porter Robinson-ft Urban Cone","Lionhearted","Pre-Chorus","Cmin","120","A-bmaj7-cm-B-b(add9)-fm(add9)-cm-B-b(add9)-A-bmaj7-cm-B-b(add9)-gsus4-Ab-cm","http://www.hooktheory.com/theorytab/view/porter-robinson-ft-urban-cone/lionhearted"
"401","Blondie","Heart of Glass","Verse","Amaj","115","E-C#-c#m-E-E-C#-c#m-E","http://www.hooktheory.com/theorytab/view/blondie/heart-of-glass"
"402","Blondie","Heart of Glass","Chorus","Amaj","115","A-f#m-E-E7-A-f#m-F#7-B-b#o-B(add9)-B7","http://www.hooktheory.com/theorytab/view/blondie/heart-of-glass"
"403","Kanye West","Heartless","Chorus","Bbmin","87","b-bm-Ab-Gb-fm7-b-bm-Ab-Gb-fm7","http://www.hooktheory.com/theorytab/view/kanye-west/heartless"
"404","Demi Lovato","Give Your Heart A Break","Verse","F#maj","126","B-F#-d#m-C#-B-F#-d#m-C#-B-F#-d#m-C#","http://www.hooktheory.com/theorytab/view/demi-lovato/give-your-heart-a-break"
"405","Demi Lovato","Give Your Heart A Break","Pre-Chorus","F#maj","126","B-F#-d#m-C#-B-F#-d#m-C#","http://www.hooktheory.com/theorytab/view/demi-lovato/give-your-heart-a-break"
"406","Demi Lovato","Give Your Heart A Break","Chorus","F#maj","122","B-F#-d#m-C#-B-F#-d#m-C#-B-F#-d#m-C#","http://www.hooktheory.com/theorytab/view/demi-lovato/give-your-heart-a-break"
"407","Demi Lovato","Give Your Heart A Break","Bridge","F#maj","128","d#m-B-C#-a#m-B-g#m-C#-a#m-B-F#-d#m-C#","http://www.hooktheory.com/theorytab/view/demi-lovato/give-your-heart-a-break"
"408","Sandra","Around My Heart","Verse","Emin","112","em-em7-G-D-C-em-em-em7-G-bm-C-Cmaj7-bm-A","http://www.hooktheory.com/theorytab/view/sandra/around-my-heart"
"409","Sandra","Around My Heart","Chorus","Emin","113","A-em-D-G-D-A-C-D-em-D-G-D-A-C-G-C-D","http://www.hooktheory.com/theorytab/view/sandra/around-my-heart"
"410","Toby Fox","Heartache","Verse","Bbmin","237","C-b6-C-b6-C-b6-C-b6-b-bm7-b-bm7-fm-Ab-C-b6-C-b6-C-b6-C-b6-b-bm7-b-bm7-fm-Ab-C-b6-C-b6-C-b6-C-b6-b-bm7-b-bm7-fm-Ab-Gb-Gb-Ab-fm-b-bm7-b-bm7-fm-Ab","http://www.hooktheory.com/theorytab/view/toby-fox/heartache"
"411","Toby Fox","Heartache","Pre-Chorus","Bbmin","240","Gb-G-bmaj7-Gb-G-bmaj7-b-bm-b-bm-Ab-fm-fm-Gb-G-bmaj7-Gb-G-bmaj7-b-bm-b-bm-Ab-fm7","http://www.hooktheory.com/theorytab/view/toby-fox/heartache"
"412","Toby Fox","Heartache","Chorus","Bbmin","236","G-bmaj7-G-bmaj7-Ab-Ab-bbm-b-bm-b-bm-b-bm-e-bm7-e-bm7-fm7-fm7-G-bmaj7-G-bmaj7-fm7-fm7-Gb-Gb-fm-Ab","http://www.hooktheory.com/theorytab/view/toby-fox/heartache"
"413","Toby Fox","Heartache","Bridge","Bbmin","225","b-bm7-C-bmaj7-C-bmaj7-Cb-C-bmaj7-C-bmaj7-C-bmaj7-C-bmaj7","http://www.hooktheory.com/theorytab/view/toby-fox/heartache"
"414","Fall Out Boy","America's Suitehearts","Verse","Dmaj","160","D-f#m-bm-A","http://www.hooktheory.com/theorytab/view/fall-out-boy/americas-suitehearts"
"415","Fall Out Boy","America's Suitehearts","Pre-Chorus","Dmaj","160","em-bm-em-bm-G","http://www.hooktheory.com/theorytab/view/fall-out-boy/americas-suitehearts"
"416","Fall Out Boy","America's Suitehearts","Chorus","Dmaj","160","D-bm-G-bm-A-G-A","http://www.hooktheory.com/theorytab/view/fall-out-boy/americas-suitehearts"
"417","Roxette","Listen To Your Heart","Intro","Bmin","85","","http://www.hooktheory.com/theorytab/view/roxette/listen-to-your-heart"
"418","Roxette","Listen To Your Heart","Verse","Bmin","85","bm-G-A-bm-bm-G-A-bm-bm-G-A-bm-bm-G-em","http://www.hooktheory.com/theorytab/view/roxette/listen-to-your-heart"
"419","Roxette","Listen To Your Heart","Chorus","Bmin","85","bm-G-D-A-bm-G-D-A-D-A-G-D-bm-G-A","http://www.hooktheory.com/theorytab/view/roxette/listen-to-your-heart"
"420","Roxette","Listen To Your Heart","Outro","D#min","85","E-E-E-c#m-c#m-c#m-B-A-B-C#-d#m-B-F#-C#-d#m-B-F#-C#-F#-C#-B-F#-d#m-B-C#-d#m-B-F#-C#-d#m-B-F#-C#-F#-C#-B-F#-d#m-B-C#","http://www.hooktheory.com/theorytab/view/roxette/listen-to-your-heart"
"421","Sting","Shape Of My Heart","Intro","F#min","86","f#m-c#m-bm-C#sus4-C#-D-c#m-bm-C#sus4-C#-D6-A(add9)-C#-D-C#7sus4-f#m","http://www.hooktheory.com/theorytab/view/sting/shape-of-my-heart"
"422","John Mayer","The Heart of Life","Verse","Dbmaj","71","Db-bbm-fm-Gb-Db-Ab","http://www.hooktheory.com/theorytab/view/john-mayer/the-heart-of-life"
"423","John Mayer","The Heart of Life","Pre-Chorus","Dbmaj","71","Db-bbm-fm-Gb-Db-Ab","http://www.hooktheory.com/theorytab/view/john-mayer/the-heart-of-life"
"424","Game Freak","Credits - Pokemon HeartGold and SoulSilver","Verse","Cmaj","137","C-G-eo-F-fm-C-D-G-C-G-eo-F-fm-C-D-Gsus4-G-g#o","http://www.hooktheory.com/theorytab/view/game-freak/credits---pokemon-heartgold-and-soulsilver"
"425","Game Freak","Credits - Pokemon HeartGold and SoulSilver","Chorus","Cmaj","137","F-G-em-am-F-G-em-am-F-G7-G-em-am-F-D-Gsus4-G","http://www.hooktheory.com/theorytab/view/game-freak/credits---pokemon-heartgold-and-soulsilver"
"426","Game Freak","Credits - Pokemon HeartGold and SoulSilver","Outro","Dmaj","136","","http://www.hooktheory.com/theorytab/view/game-freak/credits---pokemon-heartgold-and-soulsilver"
"427","James Blunt","Bonfire Heart","Intro","Cmaj","117","C-C-em-C-em-F-F-C-am-am-G-C-G","http://www.hooktheory.com/theorytab/view/james-blunt/bonfire-heart"
"428","James Blunt","Bonfire Heart","Chorus","Cmaj","118","C-em-am-G-F-am-G-C-em-am-G-F-am-G","http://www.hooktheory.com/theorytab/view/james-blunt/bonfire-heart"
"429","Joe Hisaishi","Pieces of a Broken Heart","Chorus","Dmin","94","Bb-am-gm-F-B-bmaj7-F(add9)-gm7-asus4-A-E-bmaj7-dm7-gm7-am7-dsus4-D","http://www.hooktheory.com/theorytab/view/joe-hisaishi/pieces-of-a-broken-heart"
"430","Porter Robinson","Lionhearted-ft Urban Cone","Chorus","Cmin","128","Ab-cm-fm-cm-Ab-cm-gm-Ab-cm","http://www.hooktheory.com/theorytab/view/porter-robinson/lionhearted-ft-urban-cone"
"431","John Mayer","Half of My Heart","Chorus","Fmaj","120","Bb-F-C-dm-Bb-F-C-Bb-F-C-dm-Bb-Bb-Bb-C-F-C","http://www.hooktheory.com/theorytab/view/john-mayer/half-of-my-heart"
"432","Yes","Heart of the Sunrise","Intro","G#min","135","g#m-g#m","http://www.hooktheory.com/theorytab/view/yes/heart-of-the-sunrise"
"433","Yes","Heart of the Sunrise","Chorus","Emin","128","em-am-A-G-Dsus4-D","http://www.hooktheory.com/theorytab/view/yes/heart-of-the-sunrise"
"434","Built By Titan","Heart And Soul","Pre-Chorus","Amaj","129","E-f#m-D-A-E-f#m-D-A","http://www.hooktheory.com/theorytab/view/built-by-titan/heart-and-soul"
"435","John Mayer","Dreaming With A Broken Heart","Verse","Gmaj","67","G-A7-C-G-A7-C","http://www.hooktheory.com/theorytab/view/john-mayer/dreaming-with-a-broken-heart"
"436","Selena Gomez","The Heart Wants What It Wants","Verse","Gmin","83","Eb-cm-gm-Bb-Eb-cm-gm-Bb","http://www.hooktheory.com/theorytab/view/selena-gomez/the-heart-wants-what-it-wants"
"437","Selena Gomez","The Heart Wants What It Wants","Pre-Chorus","Gmin","83","Eb-cm-gm-Bb-Eb-cm-gm-Bb","http://www.hooktheory.com/theorytab/view/selena-gomez/the-heart-wants-what-it-wants"
"438","Selena Gomez","The Heart Wants What It Wants","Chorus","Gmin","83","Eb-cm-gm-Bb-Eb-cm-gm-Bb","http://www.hooktheory.com/theorytab/view/selena-gomez/the-heart-wants-what-it-wants"
"439","Kingdom Hearts","Dearly Beloved","Instrumental","Ebmaj","132","Ab-Ab-Bb-Bb-Eb-Eb-Eb-Eb-Ab-Ab-Bb-Bb-cm-cm-cm-cm","http://www.hooktheory.com/theorytab/view/kingdom-hearts/dearly-beloved"
"440","The Head and The Heart","Shake","Intro","Emaj","110","E-E-E-E-E-E-E-E-E-E-E-E-E-E-E-E-E-B-E-E","http://www.hooktheory.com/theorytab/view/the-head-and-the-heart/shake"
"441","The Head and The Heart","Shake","Chorus","Emaj","114","E-A-A-E-E-A-A-E-B-E-B-E-A-E-E","http://www.hooktheory.com/theorytab/view/the-head-and-the-heart/shake"
"442","Heart","What About Love","Verse","Dmin","70","dm-Bb-F-C-dm-Bb-F-C-dm-Bb-F-C-Bb-F-C","http://www.hooktheory.com/theorytab/view/heart/what-about-love"
"443","The White Stripes","I Want to Be the Boy to Warm Your Mother's Heart","Verse","Dmix","76","D-C-G-D-C-G-D-C-G-D-C-G","http://www.hooktheory.com/theorytab/view/the-white-stripes/i-want-to-be-the-boy-to-warm-your-mothers-heart"
"444","The White Stripes","I Want to Be the Boy to Warm Your Mother's Heart","Chorus","Dmix","78","F-G-D-F-G-A","http://www.hooktheory.com/theorytab/view/the-white-stripes/i-want-to-be-the-boy-to-warm-your-mothers-heart"
"445","Oasis","Stop Crying Your Heart Out","Verse","Dmaj","84","bm-bm-bm-bm-E7-E7-G-G","http://www.hooktheory.com/theorytab/view/oasis/stop-crying-your-heart-out"
"446","Oasis","Stop Crying Your Heart Out","Chorus","Dmaj","80","D-A-em-G-D","http://www.hooktheory.com/theorytab/view/oasis/stop-crying-your-heart-out"
"447","Twenty One Pilots","Tear In My Heart","Verse","Dmaj","122","D-F#-G-G-D-F#-G-G-A7-A","http://www.hooktheory.com/theorytab/view/twenty-one-pilots/tear-in-my-heart"
"448","Twenty One Pilots","Tear In My Heart","Chorus","Dmaj","119","G(add9)-A-bm-A-D-A","http://www.hooktheory.com/theorytab/view/twenty-one-pilots/tear-in-my-heart"
"449","Twenty One Pilots","Tear In My Heart","Bridge","Dmaj","162","D-D-D-D-D-D-D-D-D-D-D-D-Gmaj7sus2-D-D-D-D-D-D-D-D-Gmaj7sus2-D-D-D-D-D-D-D-D-Gmaj7sus2-D-D-D-D-D-D-D-D-Gmaj7sus2-D-D-D-D-D-D-D-D-Gmaj7sus2-D-D-D-D-D-D-D-D-Gmaj7sus2-D-D-D-D-D-D-D-D-Gmaj7sus2-D-D-D-D-D-D-D-D-Gmaj7sus2-D-D-D-D-D-D-D-D-Gmaj7sus2-D-D-D-D-D","http://www.hooktheory.com/theorytab/view/twenty-one-pilots/tear-in-my-heart"
"450","Green Day","Stray Heart","Verse","Emaj","100","E-G#-c#m-A-E-A-B","http://www.hooktheory.com/theorytab/view/green-day/stray-heart"
"451","Green Day","Stray Heart","Pre-Chorus","Emaj","104","G#-c#m-A-B-E-G#-c#m-A-am","http://www.hooktheory.com/theorytab/view/green-day/stray-heart"
"452","Hoagy Carmichael","Heart And Soul","Verse","Cmaj","205","C-C-am-C6-dm-dm-G-G-C-C-am-C6-dm-dm-G-G-C-C-am-C6-dm-dm-G-G-C-C-am-C6-dm-dm-G-G","http://www.hooktheory.com/theorytab/view/hoagy-carmichael/heart-and-soul"
"453","Kelly Clarkson","Heartbeat Song","Chorus","F#maj","74","F#-C#-d#m-B","http://www.hooktheory.com/theorytab/view/kelly-clarkson/heartbeat-song"
"454","Of Monsters and Men","King and Lionheart","Chorus","Ebmaj","118","A-bmaj7-Eb-Bb-A-bmaj7-Eb-Bb-A-bmaj7-Eb-Bb-cm","http://www.hooktheory.com/theorytab/view/of-monsters-and-men/king-and-lionheart"
"455","GRL","Ugly Heart","Verse","Amaj","125","A-D-f#m-E-A-D-f#m-E","http://www.hooktheory.com/theorytab/view/grl/ugly-heart"
"456","GRL","Ugly Heart","Pre-Chorus","Amaj","125","f#m-D-A-f#m-D-A-f#m-D-A-f#m-E","http://www.hooktheory.com/theorytab/view/grl/ugly-heart"
"457","GRL","Ugly Heart","Chorus","Amaj","125","A-D-f#m-A-D-f#m-A-D-f#m-A-Esus4-E","http://www.hooktheory.com/theorytab/view/grl/ugly-heart"
"458","One Direction","Heart Attack ","Intro","Emaj","100","E-f#m-f#m-c#m","http://www.hooktheory.com/theorytab/view/one-direction/heart-attack-"
"459","One Direction","Heart Attack ","Verse","Emaj","100","E-f#m-E-f#m-E-f#m-E-E-f#m-E-f#m-E-f#m-E","http://www.hooktheory.com/theorytab/view/one-direction/heart-attack-"
"460","One Direction","Heart Attack ","Pre-Chorus","Emaj","101","A-E-B-c#m-A-E-B-c#m","http://www.hooktheory.com/theorytab/view/one-direction/heart-attack-"
"461","One Direction","Heart Attack ","Chorus","Emaj","101","E-B-B-c#m-Amaj7-Amaj7-E-B-B-c#m-Amaj7-Amaj7-E-B-B-c#m-Amaj7-Amaj7-E-B-B-c#m-Amaj7-Amaj7","http://www.hooktheory.com/theorytab/view/one-direction/heart-attack-"
"462","Taylor Dayne","Tell It To My Heart","Verse","Fmin","128","fm-E-b(add9)-Eb-fm-D-bmaj7-E-b(add9)-cm7-fm","http://www.hooktheory.com/theorytab/view/taylor-dayne/tell-it-to-my-heart"
"463","Taylor Dayne","Tell It To My Heart","Pre-Chorus","Fmin","118","D-bmaj7-Ab-cm7-b-bm7-Db-bbm-Csus4-C-Db-Eb-cm7-fm-Eb-Db-Eb-cm7-fm","http://www.hooktheory.com/theorytab/view/taylor-dayne/tell-it-to-my-heart"
"464","Shoji Meguro","Persona 4 - Heartbeat Heartbreak","Verse","Cmin","100","fm7-gm7-cm-11-cm-cm-fm7-gm7-gm7-cm-11-cm-fm7-gm7-gm7-C-C-fm7-gm7-gm7-cm","http://www.hooktheory.com/theorytab/view/shoji-meguro/persona-4---heartbeat-heartbreak"
"465","Shoji Meguro","Persona 4 - Heartbeat Heartbreak","Chorus","Cmin","100","A-bmaj7-A-bmaj7-fsus2sus4-fsus2sus4-gm-gm-gm-c7sus2-cm7-A-bmaj7-A-bmaj7-fsus2sus4-fsus2sus4-gm-gm-gm-c7sus2-cm7","http://www.hooktheory.com/theorytab/view/shoji-meguro/persona-4---heartbeat-heartbreak"
"466","Klaas","Heartbeat","Intro","Abmaj","128","fm-Db-Ab-Eb-fm-D-b(add9)-b-bm-Eb-fm-Db-Ab-Eb-fm-D-b(add9)-b-bm-Eb","http://www.hooktheory.com/theorytab/view/klaas/heartbeat"
"467","JJAMZ","Heartbeat","Verse","Dmaj","100","D-bm-D-bm-A-G-A-G","http://www.hooktheory.com/theorytab/view/jjamz/heartbeat"
"468","JJAMZ","Heartbeat","Chorus","Dmaj","100","D-bm-A-G-D-bm-A-G","http://www.hooktheory.com/theorytab/view/jjamz/heartbeat"
"469","ZUN","Heartfelt Fancy","Pre-Chorus","F#min","160","D-d#m-d#m-d#m-d#m-D-E-D-d#m-D-F#-F#-G#-E#-E#","http://www.hooktheory.com/theorytab/view/zun/heartfelt-fancy"
"470","ZUN","Heartfelt Fancy","Chorus","Bbmin","160","b-bsus4-b-bm-Db-Ab-cm-Gb-Fbbsus4-b-bm-Db-Ab-cm-Gb-Fbbsus4-b-bm-b-bsus2-b-bm","http://www.hooktheory.com/theorytab/view/zun/heartfelt-fancy"
"471","The Knife","Heartbeats","Intro","Ebmaj","88","Eb-cm-Eb-cm","http://www.hooktheory.com/theorytab/view/the-knife/heartbeats"
"472","Florence and the Machine","Rabbit Heart","Pre-Chorus","Amin","116","am-C-C(add9)-G-dm7-F6-am7-G-dm7-F6-am7-G","http://www.hooktheory.com/theorytab/view/florence-and-the-machine/rabbit-heart"
"473","Neon Indian","Heart Decay","Instrumental","Cmaj","112","am-G-Bb-F-am-G-Bb-F","http://www.hooktheory.com/theorytab/view/neon-indian/heart-decay"
"474","The Blue Hearts","Linda Linda","Verse","Dmaj","188","D-D-bm-bm-D-D-G-A-D-D-bm-bm-G-A-G-f#m-em-D","http://www.hooktheory.com/theorytab/view/the-blue-hearts/linda-linda"
"475","The Blue Hearts","Linda Linda","Chorus","Dmaj","173","D-D-G-A-D-D-G-A-D-bm-G-A-D-bm-G-A","http://www.hooktheory.com/theorytab/view/the-blue-hearts/linda-linda"
"476","ZUN","Pure Furies - Whereabouts of the Heart","Intro","C#min","177","c#sus2-G#-A-B-c#m-g#sus4-Amaj7-Bsus2-c#m-g#sus4-Amaj7-Bsus2","http://www.hooktheory.com/theorytab/view/zun/pure-furies---whereabouts-of-the-heart"
"477","ZUN","Pure Furies - Whereabouts of the Heart","Verse","C#min","176","A-B-c#m-c#m-A-B-c#m-c#m-Amaj7-B-c#m-c#m-Amaj7-B-C#sus4-C#","http://www.hooktheory.com/theorytab/view/zun/pure-furies---whereabouts-of-the-heart"
"478","ZUN","Pure Furies - Whereabouts of the Heart","Chorus","C#min","176","c#m-G#-Bsus4-F#7-A-B-c#m-c#m-c#m-G#-Bsus4-F#7-A-B-c#m-c#m-c#m-G#-Bsus2sus4-F#7-A-B-c#m-c#m-c#m-G#-Bsus2sus4-F#7-A-B-c#sus4-c#m","http://www.hooktheory.com/theorytab/view/zun/pure-furies---whereabouts-of-the-heart"
"479","Game Freak","Viridian Forest - Pokemon HeartGold and SoulSilver","Intro","Cmaj","118","C-C7-Fmaj7-fm6-G7-Cmaj7-C7-Fmaj7-Bb7-G","http://www.hooktheory.com/theorytab/view/game-freak/viridian-forest---pokemon-heartgold-and-soulsilver"
"480","Game Freak","Viridian Forest - Pokemon HeartGold and SoulSilver","Verse","Cmix","118","C-C7-Fmaj7-B-b(add9)-Cmaj7-C7-F-gm","http://www.hooktheory.com/theorytab/view/game-freak/viridian-forest---pokemon-heartgold-and-soulsilver"
"481","Game Freak","Viridian Forest - Pokemon HeartGold and SoulSilver","Chorus","Cmaj","118","em-em7-am-am7-dm-G-em-E7-am-A7-dm-D7-G","http://www.hooktheory.com/theorytab/view/game-freak/viridian-forest---pokemon-heartgold-and-soulsilver"
"482","Backstreet Boys","Shape of My Heart","Chorus","Dmaj","96","D-G-D-A-A7-f#m-bm-D-E-G-A","http://www.hooktheory.com/theorytab/view/backstreet-boys/shape-of-my-heart"
"483","Annie","Heartbeat","Verse","F#min","128","f#m7-Dmaj7-bm7-c#m7-f#m7-Dmaj7-bm7-c#m7","http://www.hooktheory.com/theorytab/view/annie/heartbeat"
"484","Annie","Heartbeat","Chorus","Bmin","128","G-A6-bm7-f#m7-G-A6-bm7-F#","http://www.hooktheory.com/theorytab/view/annie/heartbeat"
"485","The Avett Brothers","Kick Drum Heart","Verse","Cmaj","134","C-F-G-C-F-G","http://www.hooktheory.com/theorytab/view/the-avett-brothers/kick-drum-heart"
"486","The Avett Brothers","Kick Drum Heart","Chorus","Cmaj","136","F-G-am-F-G-am-F-G-am-F-G-C","http://www.hooktheory.com/theorytab/view/the-avett-brothers/kick-drum-heart"
"487","Joe Cocker","Unchain my Heart","Verse","Amin","118","am-am-am-am-dm-dm-am-am-dm-am-dm-am-F7-E7-am-am","http://www.hooktheory.com/theorytab/view/joe-cocker/unchain-my-heart"
